RegionID,SizeRank,RegionName,RegionType,StateName,10/28/2017,11/4/2017,11/11/2017,11/18/2017,11/25/2017,12/2/2017,12/9/2017,12/16/2017,12/23/2017,12/30/2017,1/6/2018,1/13/2018,1/20/2018,1/27/2018,2/3/2018,2/10/2018,2/17/2018,2/24/2018,3/3/2018,3/10/2018,3/17/2018,3/24/2018,3/31/2018,4/7/2018,4/14/2018,4/21/2018,4/28/2018,5/5/2018,5/12/2018,5/19/2018,5/26/2018,6/2/2018,6/9/2018,6/16/2018,6/23/2018,6/30/2018,7/7/2018,7/14/2018,7/21/2018,7/28/2018,8/4/2018,8/11/2018,8/18/2018,8/25/2018,9/1/2018,9/8/2018,9/15/2018,9/22/2018,9/29/2018,10/6/2018,10/13/2018,10/20/2018,10/27/2018,11/3/2018,11/10/2018,11/17/2018,11/24/2018,12/1/2018,12/8/2018,12/15/2018,12/22/2018,12/29/2018,1/5/2019,1/12/2019,1/19/2019,1/26/2019,2/2/2019,2/9/2019,2/16/2019,2/23/2019,3/2/2019,3/9/2019,3/16/2019,3/23/2019,3/30/2019,4/6/2019,4/13/2019,4/20/2019,4/27/2019,5/4/2019,5/11/2019,5/18/2019,5/25/2019,6/1/2019,6/8/2019,6/15/2019,6/22/2019,6/29/2019,7/6/2019,7/13/2019,7/20/2019,7/27/2019,8/3/2019,8/10/2019,8/17/2019,8/24/2019,8/31/2019,9/7/2019,9/14/2019,9/21/2019,9/28/2019,10/5/2019,10/12/2019,10/19/2019,10/26/2019,11/2/2019,11/9/2019,11/16/2019,11/23/2019,11/30/2019,12/7/2019,12/14/2019,12/21/2019,12/28/2019,1/4/2020,1/11/2020,1/18/2020,1/25/2020,2/1/2020,2/8/2020,2/15/2020,2/22/2020,2/29/2020,3/7/2020,3/14/2020,3/21/2020,3/28/2020,4/4/2020,4/11/2020,4/18/2020,4/25/2020,5/2/2020,5/9/2020,5/16/2020,5/23/2020,5/30/2020,6/6/2020,6/13/2020,6/20/2020,6/27/2020,7/4/2020,7/11/2020,7/18/2020,7/25/2020,8/1/2020,8/8/2020,8/15/2020,8/22/2020,8/29/2020,9/5/2020,9/12/2020,9/19/2020,9/26/2020,10/3/2020
102001,0,United States,Country,,1313144,1306211,1295559,1282592,1264313,1245570,1222914,1195048,1173481,1140078,1114643,1096621,1081733,1082140,1085394,1090060,1096900,1102908,1112065,1117617,1135822,1151150,1160837,1182489,1194022,1212166,1232617,1250425,1264634,1278405,1291568,1297580,1309731,1320459,1333371,1349293,1355950,1368967,1379529,1389512,1402170,1403994,1404816,1404618,1403467,1399346,1399679,1400571,1401719,1408189,1406090,1403266,1399202,1392792,1384138,1373154,1351943,1333527,1307225,1277754,1251803,1210576,1181152,1160911,1151966,1153051,1162141,1163704,1166466,1172976,1176949,1184024,1189020,1196873,1203537,1218533,1233118,1246240,1260130,1273561,1284444,1298215,1309525,1312799,1323478,1332186,1348912,1370604,1380172,1390321,1393127,1390970,1395024,1394561,1390203,1386084,1378652,1370226,1368642,1368262,1368509,1372525,1367308,1359984,1351511,1339912,1325724,1308522,1288766,1258087,1232795,1204785,1173861,1140950,1109753,1084837,1064956,1064059,1062427,1061807,1063799,1061409,1061050,1063996,1069025,1075333,1077579,1075488,1067587,1058893,1052915,1045618,1048885,1053647,1055550,1055338,1051260,1042513,1033846,1025770,1011037,997108,985278,974204,964279,953389,941273,930423,920394,915373,906542,900360,893541,882454
394913,1,"New York, NY",Msa,NY,67063,66557,65763,64791,63528,62337,61023,59440,58058,56023,54440,53188,52424,52566,53048,54523,55758,56869,58513,59140,60515,61789,62518,63643,64403,65746,67144,68830,70348,71648,72625,73215,74118,74703,75453,76034,75880,76065,76084,76069,76342,76063,75605,75104,74396,73915,73937,74275,74911,75567,75713,75677,75446,74996,74329,73456,72079,70873,69275,67515,65823,63313,61486,60126,59553,59739,60442,61013,61653,62433,63204,64123,65027,66124,67169,68668,70351,71594,72785,73976,74931,76367,77542,78173,78943,79354,79928,80551,80461,80499,80269,79753,79592,78955,78161,77322,76179,75496,75527,75802,76333,76760,76409,75835,75203,74405,73478,72480,71258,69432,67791,65872,63711,61463,59309,57651,56515,56564,56843,57124,57505,57723,58503,59511,60716,61389,61599,60776,58945,57275,55228,54026,53763,53780,53882,54074,54606,55218,56122,57296,57997,58848,59579,60163,60547,60457,60445,60285,60329,60543,60632,60813,60902,61010
753899,2,"Los Angeles-Long Beach-Anaheim, CA",Msa,CA,17787,17522,17177,16809,16334,15900,15406,14747,14272,13405,12769,12528,12478,12948,13438,13908,14286,14631,14981,15080,15540,15829,15972,16411,16558,16982,17483,17948,18336,18655,18975,19141,19472,19765,20125,20560,20696,20982,21278,21691,22147,22405,22618,22696,22756,22791,22922,23060,23293,23605,23738,23851,23907,23935,23946,23871,23514,23147,22621,21963,21333,20281,19400,18944,18892,19226,19751,19940,20156,20368,20486,20700,20814,20922,21001,21185,21375,21531,21753,22009,22255,22630,22848,22884,23000,23054,23273,23586,23626,23763,23852,23868,24011,23961,23801,23600,23261,22965,22854,22766,22766,22767,22566,22310,21999,21648,21214,20702,20172,19308,18560,17750,16878,16003,15039,14435,14065,14251,14544,14764,15011,15115,15269,15410,15486,15512,15306,15037,14774,14639,14714,14819,15194,15603,16104,16597,16940,17169,17300,17357,17268,17196,17154,17173,17224,17225,17197,17140,17079,17120,17105,17159,17231,17263
394463,3,"Chicago, IL",Msa,IL,38027,37590,36926,36131,35079,34048,33005,31850,30905,29617,28494,27787,27321,27378,27607,27864,28167,28514,29194,29789,30850,31718,32157,32847,33140,33690,34281,34797,35262,35698,36157,36497,36956,37467,38126,38782,39053,39478,39860,40182,40702,40888,40936,41007,40956,40843,40939,41021,41165,41385,41306,41130,40844,40453,39875,39213,38200,37142,35968,34680,33568,32096,30891,30132,29780,29798,29936,30024,30262,30709,31327,31999,32590,33291,33894,35015,35976,36747,37575,37942,38364,38952,39464,39710,40136,40498,41039,41751,42017,42317,42519,42610,42932,43116,43171,43201,43120,43007,43043,43085,43133,43161,42896,42496,42075,41591,40935,40150,39154,37829,36632,35435,34185,32875,31622,30730,30128,30164,30303,30573,30978,31327,31733,32140,32611,32933,32802,32233,31379,30627,30341,30229,30550,30921,31209,31469,31598,31712,31881,32027,31829,31665,31537,31432,31418,31315,31087,31004,30933,30905,30862,30845,30871,30759
394514,4,"Dallas-Fort Worth, TX",Msa,TX,21912,21836,21550,21306,20883,20400,19905,19217,18693,17840,17117,16694,16384,16549,16862,17067,17259,17344,17395,17375,17772,18187,18591,19488,19992,20699,21458,21904,22311,22657,22977,23246,23629,24020,24448,24954,25451,25967,26424,26817,27098,27166,27169,27078,26952,26782,26774,26682,26599,26743,26675,26630,26555,26346,26157,26096,25821,25549,25080,24457,23829,22839,22001,21468,21358,21526,22000,22236,22422,22752,22995,23345,23642,24015,24336,24826,25253,25586,26001,26350,26673,27068,27382,27558,27892,28238,29036,30003,30817,31553,31791,31899,32016,31976,31813,31523,31140,30811,30595,30431,30279,30261,30091,29941,29799,29558,29325,29031,28672,27991,27415,26715,25961,25137,24314,23653,23123,23189,23317,23503,23740,23828,23960,24178,24473,24726,24719,24499,24081,23741,23651,23650,24105,24586,25052,25429,25546,25451,25278,25166,24838,24554,24213,23841,23510,23106,22714,22296,21915,21631,21214,20849,20461,20023
394974,5,"Philadelphia, PA",Msa,PA,24252,24325,24645,24661,24469,23987,23074,22357,21616,20843,20204,19650,19289,19245,19336,19465,19648,19860,20151,20307,20657,20889,20988,21559,21935,22499,23178,23672,24029,24278,24317,24053,23942,23756,23684,23801,23550,23411,23310,23229,23424,23472,23449,23342,23162,23022,23022,23149,23304,23577,23656,23684,23771,23707,23650,23538,23137,22843,22387,21820,21333,20524,19875,19456,19248,19239,19372,19378,19367,19448,19557,19721,19875,20127,20337,20758,21295,21641,21934,22178,22231,22447,22617,22554,22836,22895,22997,23164,22880,22778,22673,22482,22880,22880,22720,22644,21999,21755,21780,21832,22004,22158,22149,22092,21942,21737,21441,21090,20747,20154,19688,19106,18432,17735,17025,16462,16066,16012,15926,15902,15889,15859,15935,16055,16281,16411,16194,15722,15119,14458,14076,13903,13867,14041,14387,14777,15128,15376,15450,15409,15195,14952,14733,14543,14419,14316,14124,13919,13758,13662,13631,13707,13773,13781
394692,6,"Houston, TX",Msa,TX,26912,26767,26572,26307,25972,25673,25331,24956,24708,24101,23605,23255,22874,22879,22930,22943,22994,23047,23155,23225,23794,24278,24732,25462,25779,26321,26868,27325,27748,28118,28452,28648,28957,29186,29370,29678,29839,30069,30385,30610,30843,30936,30936,30915,30795,30521,30309,30049,29824,29803,29689,29624,29547,29447,29273,29073,28711,28446,28121,27767,27510,26857,26356,26049,25991,26203,26587,26697,26980,27173,27237,27497,27508,27717,27966,28384,28681,28932,29217,29393,29636,29939,30152,30302,30570,30856,31754,32659,33486,34219,34315,34281,34270,34269,34146,34018,33796,33457,33252,33005,32735,32615,32314,32148,31947,31710,31508,31269,31056,30541,30203,29780,29341,28848,28355,27976,27549,27616,27702,27848,28110,28190,28287,28422,28578,28781,28883,28930,28880,28847,28896,28762,28880,28890,28823,28723,28468,28143,27747,27312,26838,26450,26151,25951,25707,25430,25135,24855,24485,24205,23813,23509,23173,22827
395209,7,"Washington, DC",Msa,DC,18228,18042,18498,19015,19647,20212,19735,19090,18258,17217,16405,15760,15356,15365,15553,15778,16081,16390,16842,17255,17965,18633,19095,19959,20456,21185,21950,22418,22642,22683,22630,21560,20786,19859,19040,19102,19053,19185,19324,19473,19588,19516,19371,19239,19126,19093,19223,19432,19616,19867,19929,19892,19870,19703,19483,19161,18523,17851,17067,16244,15515,14571,13769,13169,12797,12669,12691,12629,12632,12729,12856,13185,13543,13989,14374,14834,15392,15758,16182,16676,16969,17412,17706,17649,17827,17872,18013,18253,18122,18089,18045,17892,17837,17745,17479,17278,16998,16889,17011,17196,17510,17691,17678,17629,17511,17308,17030,16625,16160,15421,14763,14078,13333,12615,11949,11447,11101,11110,11146,11171,11243,11277,11382,11570,11848,12164,12393,12536,12528,12552,12572,12537,12644,12660,12577,12458,12296,12119,12003,11929,11737,11542,11435,11344,11266,11208,11087,10981,10917,10933,11030,11281,11431,11518
394856,8,"Miami-Fort Lauderdale, FL",Msa,FL,43283,43612,43929,44245,44398,44622,44843,44879,45249,45092,44960,45079,45267,45884,46539,47054,47465,47821,48128,48249,48840,49072,49161,49591,49327,49368,49440,49250,49077,48827,48381,47844,47455,47097,47002,47002,46778,46686,46619,46527,46540,46383,46152,46046,46008,45891,45942,46066,46248,46718,47044,47451,47822,48138,48474,48723,48762,48988,49079,49094,49261,48860,48586,48669,49104,49883,51027,51703,52237,52810,53010,53185,53299,53225,53015,52938,52623,52384,52155,51883,51555,51205,50831,50454,50155,49806,49551,49318,49022,48764,48421,48007,47882,47582,47280,46998,46431,45936,45741,45657,45703,46020,46069,46143,46297,46408,46596,46765,46862,46697,46725,46679,46545,46236,45834,45575,45461,45898,46339,46637,46940,47040,47059,47102,47067,46960,46643,46203,45531,44887,44384,43929,43818,43864,43868,43884,43958,43885,43715,43459,42962,42424,41921,41474,41069,40571,40163,39811,39513,39750,39704,39665,39643,39173
394347,9,"Atlanta, GA",Msa,GA,26986,26812,26448,26019,25431,24844,24326,23730,23347,22709,22244,21895,21480,21387,21293,21182,21119,21043,21075,21068,21458,21721,21873,22296,22472,22839,23206,23517,23718,23897,24075,24159,24359,24574,24868,25419,25936,26551,27023,27415,27643,27637,27724,27624,27568,27417,27407,27403,27436,27689,27676,27782,27810,27717,27611,27397,27011,26803,26457,26072,25819,25130,24655,24281,24110,24100,24279,24293,24345,24521,25495,25640,25768,26025,25488,26064,26563,27012,27321,27623,27752,27955,28146,28134,28339,28490,29126,29884,30481,31100,31250,31351,31531,31538,31506,31438,31322,31199,31181,31211,31211,31433,31402,31335,31327,31157,30955,30648,30224,29553,29125,28695,28239,27715,27156,26684,26232,26312,26443,26540,26633,26475,26249,26040,26040,26202,26398,26899,27242,27526,27771,27717,27769,28152,28134,28018,27921,27266,26881,26531,25964,25452,24999,24495,24148,23800,23416,23098,22757,22472,22107,21813,21476,21126
394404,10,"Boston, MA",Msa,MA,10953,10822,10608,10335,9923,9518,9069,8559,8118,7537,7078,6762,6571,6574,6556,6556,6609,6665,6850,7015,7266,7519,7604,7900,8217,8576,9111,9589,9892,10341,10591,10756,11118,11278,11619,11811,11630,11783,11885,12032,12369,12339,12253,12229,12091,12117,12415,12742,13234,13579,13634,13654,13605,13522,13364,13117,12650,12183,11639,11019,10438,9674,9104,8751,8601,8644,8716,8691,8697,8712,8783,8954,9173,9475,9751,10151,10553,10761,11053,11402,11662,12263,12603,12761,13103,13259,13546,13765,13530,13351,13168,12937,12961,12831,12617,12443,12191,12196,12467,12787,13208,13486,13484,13409,13301,13060,12769,12385,11888,11235,10567,9877,9133,8415,7804,7343,7041,6993,6972,7043,7127,7181,7376,7594,7949,8304,8386,8277,8000,7753,7673,7687,7911,8209,8522,8867,9209,9491,9736,9953,9820,9636,9548,9393,9392,9370,9224,9086,8996,8869,8864,9011,9174,9398
395057,11,"San Francisco, CA",Msa,CA,4532,4420,4283,4078,3806,3535,3264,2968,2736,2397,2114,2009,2048,2279,2489,2670,2821,2943,3112,3194,3429,3601,3676,3843,3879,4023,4257,4464,4640,4800,4879,4899,4947,4993,5105,5208,5136,5102,5092,5174,5325,5381,5414,5406,5401,5506,5743,6021,6329,6539,6586,6604,6613,6583,6530,6383,6085,5802,5475,5105,4732,4202,3704,3416,3400,3587,3879,4104,4265,4421,4530,4660,4808,4968,5120,5238,5342,5401,5523,5707,5855,6052,6130,6150,6208,6258,6407,6539,6484,6444,6397,6340,6375,6333,6209,6081,5943,5939,6112,6340,6630,6795,6796,6755,6661,6522,6322,6037,5702,5244,4814,4368,3894,3454,3048,2795,2692,2818,2961,3125,3314,3463,3679,3900,4120,4230,4083,3848,3598,3481,3616,3776,4073,4408,4735,5048,5237,5382,5488,5599,5629,5626,5661,5693,5753,5823,5851,5886,5931,5975,6011,6103,6241,6363
394532,12,"Detroit, MI",Msa,MI,14170,14008,13798,13570,13258,12969,12645,12242,11946,11495,11140,10882,10646,10529,10388,10258,10124,10019,9939,9840,9943,10079,10229,10560,10785,11072,11397,11708,12006,12297,12570,12741,13029,13307,13650,14022,14202,14482,14764,15095,15494,15809,16083,16319,16500,16559,16648,16710,16788,16887,16862,16854,16796,16716,16580,16378,16042,15770,15425,15062,14730,14171,13727,13391,13227,13176,13125,12948,12737,12605,12490,12405,12339,12365,12411,12539,12725,12856,13045,13321,13591,13963,14335,14582,14947,15260,15654,16153,16432,16795,17119,17323,17661,17933,18083,18262,18310,18240,18268,18338,18435,18529,18478,18368,18233,18085,17910,17618,17260,16751,16295,15826,15319,14790,14294,13904,13580,13485,13331,13157,13018,12830,12714,12639,12593,12586,12412,12090,11707,11311,11102,11052,11410,11957,12419,12794,12856,12687,12566,12477,12300,12187,12107,12010,11949,11873,11753,11669,11593,11536,11446,11407,11333,11190
395025,13,"Riverside, CA",Msa,CA,13755,13773,13842,13899,13893,13881,13744,13482,13343,12969,12695,12614,12570,12785,13005,13257,13499,13688,13885,13893,14046,14129,14120,14343,14391,14553,14806,14946,15089,15242,15392,15497,15643,15779,15902,16096,16169,16268,16354,16515,16640,16696,16733,16656,16716,16743,16821,16914,16988,17150,17253,17366,17449,17496,17543,17587,17541,17530,17388,17127,16872,16373,15996,15818,15735,15805,16003,16006,16106,16237,16252,16321,16276,16197,16115,16117,16166,16247,16304,16344,16209,16131,16033,15880,15899,15882,15962,16109,16178,16222,16218,16155,16138,16108,16034,15957,15882,15822,15828,15835,15822,15834,15789,15727,15682,15637,15572,15507,15408,15097,14823,14494,14115,13714,13284,12972,12750,12816,12883,12891,12843,12685,12540,12430,12333,12260,12130,12033,11929,11871,11895,11819,11858,11859,11829,11741,11589,11327,11004,10658,,,,,8807,8604,8449,8354,8304,8299,8260,8251,8260,8238
394976,14,"Phoenix, AZ",Msa,AZ,20675,20868,21176,21459,21607,21690,21413,20926,20529,19880,19430,19344,19438,19894,20405,20763,21073,21323,21546,21541,21668,21699,21663,21919,22065,22267,22422,22445,22322,22157,21984,21714,21487,21229,20985,20862,20496,20258,19998,19669,19595,19425,19330,19311,19321,19274,19319,19406,19512,19701,19870,20133,20405,20735,20988,21146,21131,21145,21014,20788,20562,20060,19733,19769,20134,20703,21513,22004,22464,22920,23130,23348,23429,23526,23586,23708,23780,23785,23712,23609,23372,23141,22891,22487,22115,21709,21479,21309,21024,20743,20290,19789,19447,19048,18729,18459,18235,18041,17942,17936,17949,18137,18254,18393,18530,18588,18607,18553,18427,18085,17775,17392,16960,16470,16029,15770,15621,15890,16127,16304,16543,16583,16591,16531,16408,16511,16754,17111,17470,17657,17707,17565,17534,17502,17452,17416,17205,16889,16450,15967,15441,14879,14414,14026,13740,13564,13483,13479,13561,13779,13902,14099,14222,14277
395078,15,"Seattle, WA",Msa,WA,8288,8027,7687,7314,6859,6393,5985,5507,5130,4648,4225,4001,3881,3967,4037,4044,4039,4026,4071,4075,4268,4501,4647,4925,5061,5279,5612,5943,6313,6712,7018,7296,7627,7857,8169,8480,8540,8765,9062,9340,9756,10013,10189,10376,10467,10576,10800,11016,11271,11475,11448,11366,11251,11069,10847,10551,10103,9642,9157,8616,8122,7508,6980,6661,6536,6536,6620,6506,6288,6232,6229,6419,6701,6935,7102,7277,7413,7526,7710,7992,8357,8905,9321,9609,9956,10118,10427,10728,10617,10583,10516,10384,10517,10513,10390,10296,10128,10005,9965,9933,9936,9825,9590,9341,9065,8819,8454,7988,7487,6842,6349,5895,5432,4997,4590,4308,4091,4078,4055,4029,4059,4144,4203,4288,4448,4623,4851,4973,5126,5267,5428,5579,5754,5899,6001,6109,6162,6180,6176,6243,6177,6110,6161,6186,6280,6368,6432,6569,6635,6749,6778,6766,6804,6743
394865,16,"Minneapolis-St Paul, MN",Msa,MN,11623,11343,10935,10497,9950,9467,9019,8510,8088,7557,7129,6810,6599,6569,6587,6678,6862,7052,7284,7465,7729,7968,8082,8386,8546,8799,9127,9371,9669,9988,10320,10572,10809,11010,11267,11522,11540,11673,11766,11895,12209,12345,12457,12537,12526,12485,12532,12524,12594,12692,12607,12523,12400,12179,11897,11551,11048,10599,10118,9632,9175,8577,8083,7717,7515,7456,7466,7450,7469,7544,7632,7735,7831,7975,8120,8404,8712,8992,9334,9637,9937,10326,10663,10906,11209,11477,11883,12337,12463,12625,12615,12559,12760,12837,12913,12964,12903,12857,12853,12890,12965,13041,13036,12931,12763,12521,12215,11868,11481,10979,10491,9964,9419,8857,8355,7966,7675,7631,7592,7642,7733,7803,7917,8058,8259,8517,8726,8829,8858,8836,8872,8911,9151,9401,9585,9718,9746,9745,9801,9898,9758,9643,9520,9401,9449,9442,9423,9421,9424,9407,9381,9420,9436,9488
395056,17,"San Diego, CA",Msa,CA,5498,5468,5432,5374,5283,5154,4992,4802,4646,4410,4244,4200,4221,4361,4466,4530,4619,4717,4893,5026,5192,5342,5387,5575,5727,5914,6162,6333,6475,6592,6673,6686,6749,6804,6907,7067,7151,7283,7400,7608,7771,7882,7981,7987,8073,8115,8168,8200,8204,8260,8272,8284,8307,8307,8326,8326,8204,8109,7942,7715,7513,7146,6823,6651,6605,6686,6846,6880,6938,6967,6955,7010,7001,7044,7059,7087,7128,7160,7237,7328,7395,7510,7588,7597,7650,7668,7758,7910,7992,8060,8057,8010,8009,7978,7923,7861,7753,7661,7596,7501,7433,7373,7296,7235,7133,7034,6902,6725,6547,6263,6014,5781,5530,5276,5028,4876,4769,4807,4848,4857,4899,4884,4865,4858,4877,4945,5021,5083,5104,5140,5181,5205,5297,5374,5434,5461,5438,5372,5284,5209,5099,5006,4949,4914,4894,4861,4821,4785,4745,4743,4696,4634,4675,4658
395121,18,"St. Louis, MO",Msa,MO,12152,12089,11991,11897,11704,11490,11234,10896,10664,10301,10033,9826,9618,9571,9523,9526,9567,9612,9751,9886,10147,10362,10449,10589,10608,10733,10903,11064,11204,11328,11432,11495,11630,11720,11852,12002,12054,12182,12313,12409,12529,12533,12512,12494,12460,12389,12362,12333,12315,12410,12417,12419,12427,12366,12258,12114,11854,11627,11301,10939,10614,10139,9825,9565,9349,9215,9169,9003,8866,8812,8706,8869,8998,9116,9221,9329,9524,9718,9947,10084,10151,10242,10308,10320,10417,10494,10612,10809,10856,10922,10967,10945,11007,11062,11059,11075,11091,11048,11081,11114,11172,11260,11262,11269,11220,11246,11142,10979,10820,10464,10220,9966,9628,9343,9079,8841,8668,8585,8493,8383,8298,8195,8144,8274,8263,8262,8196,7975,7871,7783,7746,7712,7763,7773,7746,7690,7615,7560,7530,7526,7459,7368,7326,7279,7249,7214,7102,7025,6956,6943,6925,6883,6875,6844
395148,19,"Tampa, FL",Msa,FL,13936,13988,14026,14095,14098,14089,14081,13903,13856,13636,13480,13587,13709,14013,14274,14368,14476,14515,14545,14542,14672,14748,14793,15043,15162,15341,15497,15615,15595,15551,15498,15270,15221,15193,15196,15300,15262,15306,15391,15369,15384,15312,15197,15160,15119,15034,15069,15128,15196,15399,15472,15552,15655,15738,15867,16007,16041,16108,16115,16059,16042,15789,15607,15636,15821,16142,16556,16732,16861,16995,16994,16993,16911,16753,16583,16445,16268,16126,15951,15808,15693,15608,15561,15448,15410,15372,15529,15760,15907,16033,15972,15831,15743,15624,15456,15323,15126,14958,14949,14973,15038,15182,15191,15187,15185,15182,15168,15153,15109,14875,14767,14640,14457,14233,13995,13875,13853,14073,14184,14201,14222,14108,14013,13986,13950,13988,14031,14017,13944,13865,13803,13670,13667,13639,13549,13415,13186,12848,12466,12055,,,,,10599,10434,10335,10196,10084,9993,9879,9805,9732,9668
394358,20,"Baltimore, MD",Msa,MD,10851,10784,10921,11072,11254,11418,11218,10933,10597,10148,9811,9566,9359,9343,9388,9426,9501,9586,9715,9807,10060,10254,10415,10730,11001,11404,11765,12075,12179,12180,12186,11876,11695,11493,11289,11355,11313,11339,11381,11391,11454,11421,11356,11303,11260,11231,11274,11344,11371,11455,11456,11431,11446,11412,11352,11297,11105,10923,10676,10359,10078,9645,9310,9063,8884,8800,8766,8656,8581,8573,8607,8741,8903,9140,9362,9636,9922,10144,10329,10534,10655,10826,10961,10951,11128,11184,11282,11430,11367,11370,11352,11295,11258,11180,11061,10983,10902,10909,10943,10980,11035,11067,11049,10998,10934,10831,10707,10543,10346,10014,9722,9398,9039,8672,8327,8036,7811,7766,7710,7673,7634,7591,7577,7626,7740,7831,7857,7801,7644,7518,7428,7356,7396,7419,7418,7384,7308,7196,7110,7008,6855,6691,6537,6420,6329,6243,6149,6048,5955,5978,6003,6083,6130,6068
394530,21,"Denver, CO",Msa,CO,7387,7182,6901,6618,6264,5900,5564,5176,4881,4508,4232,4138,4138,4277,4395,4473,4540,4618,4729,4770,4925,5097,5171,5425,5632,5856,6138,6380,6547,6712,6861,6956,7162,7382,7632,7854,7887,7995,8131,8272,8497,8568,8595,8623,8588,8578,8683,8776,8945,9124,9134,9138,9081,9000,8896,8763,8458,8131,7772,7358,6992,6477,6057,5873,5837,5906,6048,6015,6037,6146,6216,6356,6470,6575,6654,6807,6995,7198,7479,7761,8012,8302,8461,8515,8666,8791,9037,9322,9366,9457,9513,9506,9604,9623,9550,9478,9378,9270,9286,9303,9330,9374,9296,9185,9041,8781,8502,8185,7835,7414,7023,6642,6224,5807,5443,5189,5004,5028,5009,4959,4976,4950,4977,5088,5258,5478,5719,5911,6027,6043,6042,6118,6390,6807,7203,7428,7493,7465,7403,7343,7153,6989,6899,6804,6760,6691,6568,6480,6426,6323,6187,6126,6058,6014
394982,22,"Pittsburgh, PA",Msa,PA,10558,10503,10408,10272,10087,9864,9648,9424,9260,9030,8849,8726,8597,8551,8502,8433,8385,8344,8341,8351,8432,8483,8500,8556,8603,8714,8817,8928,8997,9080,9172,9246,9367,9452,9540,9608,9600,9636,9672,9716,9770,9731,9712,9660,9614,9569,9516,9485,9454,9461,9463,9462,9450,9420,9351,9271,9117,8968,8769,8548,8344,8058,7838,7706,7644,7641,7657,7595,7544,7502,7453,7450,7436,7461,7514,7590,7701,7793,7864,7922,7892,7859,7833,7808,7907,8045,8231,8435,8382,8325,8216,8057,8087,8096,8094,8088,8061,8043,8066,8098,8143,8225,8264,8295,8317,8284,8225,8129,7998,7814,7653,7514,7378,7209,7051,6938,6843,6830,6786,6702,6615,6527,6458,6404,6383,6336,6206,6065,5881,5730,5689,5674,5720,5881,6163,6308,6429,6413,6239,6168,6091,6026,5984,5920,5880,5850,5806,5805,5778,5924,5865,5908,5899,5697
394998,23,"Portland, OR",Msa,OR,7603,7493,7306,7106,6833,6507,6195,5889,5657,5375,5189,5065,4958,4948,4895,4840,4821,4789,4793,4777,4889,5050,5166,5446,5663,5902,6204,6426,6636,6880,7115,7312,7539,7732,7942,8178,8302,8490,8705,8885,9078,9178,9252,9316,9380,9420,9479,9545,9600,9657,9593,9495,9361,9194,9020,8845,8579,8344,8102,7802,7546,7170,6856,6654,6585,6584,6641,6610,6551,6532,6471,6504,6580,6736,6826,6974,7130,7256,7487,7722,7933,8176,8380,8484,8600,8718,8921,9181,9323,9459,9541,9559,9635,9694,9657,9620,9559,9449,9421,9393,9370,9332,9208,9049,8864,8660,8442,8207,7969,7632,7322,7017,6671,6341,6063,5845,5672,5626,5545,5466,5424,5365,5348,5374,5453,5619,5836,6013,6192,6346,6448,6516,6616,6697,6743,6791,6782,6719,6645,6582,6461,6370,6332,6286,6276,6261,6223,6220,6213,6186,6080,5942,5837,5760
394458,24,"Charlotte, NC",Msa,NC,7973,7906,7771,7647,7493,7361,7232,7032,6895,6640,6470,6393,6278,6305,6327,6366,6485,6589,6699,6749,6887,7158,7240,7411,7501,7493,7667,7815,7941,8029,8110,8151,8227,8307,8429,8577,8633,8738,8816,8878,8969,9003,8975,8955,8943,8869,8798,8736,8737,8787,8809,8813,8745,8690,8644,8604,8478,8353,8170,7929,7724,7422,7222,7160,7165,7226,7348,7365,7402,7473,7522,7629,7708,7849,8107,8313,8488,8602,8533,8559,8623,8724,8930,8914,8930,8887,8967,9218,9398,9575,9564,9510,9490,9531,9472,9441,9357,9193,9116,9108,9220,9410,9545,9531,9431,9254,9055,8920,8742,8486,8270,8021,7773,7518,7317,7198,7076,7105,7090,6982,6919,6815,6755,6783,6840,6954,7082,7154,7209,7256,7247,7240,7291,7348,7289,7155,6973,6690,6495,6339,6116,5936,5791,5694,5628,5569,5506,5459,5413,5387,5307,5234,5181,5095
395045,25,"Sacramento, CA",Msa,CA,5424,5324,5187,5024,4807,4608,4413,4166,4000,3728,3510,3410,3326,3380,3433,3469,3544,3616,3708,3755,3888,3973,4015,4169,4256,4437,4650,4834,4997,5142,5328,5472,5617,5737,5833,5946,5993,6089,6190,6276,6405,6486,6556,6637,6717,6769,6837,6860,6918,6930,6877,6846,6751,6704,6613,6499,6307,6109,5882,5642,5403,5061,4792,4599,4474,4442,4476,4431,4418,4431,4377,4381,4385,4396,4441,4552,4680,4800,4941,5095,5249,5439,5626,5735,5836,5944,6076,6227,6333,6432,6503,6520,6550,6593,6579,6584,6593,6550,6539,6518,6482,6445,6362,6267,6168,6029,5883,5719,5522,5260,5014,4750,4463,4179,3921,3753,3663,3716,3764,3799,3839,3847,3875,3926,4000,4082,4114,4132,4147,4204,4310,4376,4503,4602,4706,4812,4824,4805,4748,4667,4545,4383,4210,4040,3898,3797,3728,3681,3637,3638,3619,3623,3624,3577
395055,26,"San Antonio, TX",Msa,TX,8502,8519,8456,8391,8296,8148,7998,7778,7616,7416,7227,7143,7104,7152,7294,7450,7522,7613,7663,7631,7748,7847,7914,8050,8106,8223,8338,8490,8610,8640,8702,8682,8766,8875,8988,9137,9143,9224,9262,9305,9452,9526,9607,9661,9638,9553,9473,9358,9256,9237,9202,9191,9176,9155,9149,9132,9062,9005,8888,8775,8697,8525,8356,8230,8169,8170,8307,8392,8480,8591,8682,8817,8956,9115,9225,9378,9497,9580,9675,9760,9827,9890,9946,9946,9994,10076,10397,10766,11117,11422,11476,11476,11480,11485,11449,11405,11320,11222,11138,11053,10976,10967,10973,10937,10912,10857,10784,10741,10693,10579,10526,10461,10347,10183,9964,9790,9565,9589,9632,9674,9817,9838,9868,9912,9955,9966,9948,9902,9822,9749,9712,9695,9799,9927,9991,9985,9910,9760,9645,9502,9312,9182,9043,8948,8860,8742,8616,8514,8408,8347,8294,8255,8167,8018
394943,27,"Orlando, FL",Msa,FL,9883,9886,9846,9809,9742,9674,9593,9473,9398,9192,9027,8967,8952,9075,9235,9320,9384,9420,9430,9413,9461,9488,9502,9649,9791,9965,10095,10239,10252,10236,10230,10082,10058,10051,10123,10247,10277,10356,10425,10481,10590,10643,10647,10657,10663,10653,10701,10762,10830,10955,11020,11092,11132,11175,11188,11200,11151,11127,11098,10999,10907,10647,10412,10365,10432,10572,10791,10854,10897,10994,11009,11030,11016,10962,10901,10902,10874,10829,10785,10720,10682,10711,10754,10733,10764,10779,10933,11150,11290,11424,11390,11299,11243,11152,11053,10991,10869,10712,10687,10660,10675,10820,10847,10855,10862,10827,10788,10751,10707,10528,10426,10297,10132,9969,9781,9676,9618,9702,9734,9734,9726,9659,9577,9501,9415,9366,9375,9402,9465,9551,9627,9646,9760,9889,9960,10013,9966,9842,9739,9624,9490,9384,9298,9247,9183,9111,9056,9047,9038,9023,8942,8877,8829,8756
394466,28,"Cincinnati, OH",Msa,OH,6445,6397,6316,6230,6142,6060,5959,5797,5661,5451,5300,5196,5078,5044,5001,4971,4958,4951,4944,4899,4928,4929,4941,5036,5081,5185,5322,5495,5681,5756,5818,5796,5783,5881,5995,6127,6205,6305,6388,6466,6588,6633,6683,6727,6728,6744,6777,6798,6816,6852,6849,6850,6865,6853,6828,6800,6686,6575,6394,6185,5998,5748,5584,5481,5428,5389,5355,5256,5168,5139,5120,5116,5116,5120,5107,5192,5244,5279,5317,5296,5335,5397,5474,5539,5624,5702,5817,5960,6003,6070,6083,6078,6131,6154,6161,6154,6135,6113,6140,6179,6191,6187,6160,6116,6079,6050,5989,5903,5808,5636,5481,5330,5155,4977,4804,4677,4573,4581,4546,4483,4420,4324,4269,4228,4206,4189,4176,4163,4159,4170,4179,4145,4185,4198,4190,4215,4179,4118,4090,4061,3981,3948,3890,3811,3780,3750,3737,3751,3757,3767,3757,3785,3788,3780
394475,29,"Cleveland, OH",Msa,OH,9692,9625,9496,9336,9126,8916,8679,8403,8174,7902,7715,7585,7501,7500,7520,7522,7533,7556,7597,7668,7831,7951,8041,8198,8283,8424,8594,8729,8837,8938,9029,9093,9195,9303,9409,9533,9594,9661,9744,9817,9889,9901,9867,9811,9771,9726,9700,9683,9652,9641,9577,9505,9431,9358,9278,9188,9045,8884,8665,8395,8140,7814,7565,7405,7312,7283,7303,7289,7293,7342,7403,7498,7594,7703,7811,7947,8084,8222,8348,8475,8574,8679,8833,8923,9068,9172,9261,9394,9441,9511,9559,9574,9633,9676,9697,9707,9659,9582,9533,9497,9473,9476,9401,9346,9293,9215,9126,8987,8819,8587,8383,8100,7786,7453,7111,6869,6683,6608,6571,6530,6499,6464,6404,6438,6449,6464,6470,6364,6269,6148,6047,5950,5928,5906,5907,5925,5936,5967,6008,6066,6073,6073,6063,6054,6045,6048,6029,6010,6003,5998,5856,5723,5620,5491
394735,30,"Kansas City, MO",Msa,MO,8607,8567,8497,8406,8244,8090,7925,7719,7583,7337,7111,6944,6772,6732,6715,6700,6719,6731,6791,6845,7011,7197,7338,7552,7649,7752,7899,8106,8284,8496,8671,8789,8954,9049,9344,9383,9371,9438,9303,9376,9502,9544,9588,9641,9636,9615,9601,9574,9569,9262,8918,8582,8225,8201,8174,8109,7981,7839,7653,7465,7300,7069,6899,6796,6739,6708,6713,6605,6540,6505,6453,6460,6434,6443,6426,6515,6637,6752,6894,6987,7055,7127,7147,7108,7111,7161,7261,7426,7495,7545,7635,7673,7755,7799,7776,7760,7742,7709,7723,7743,7767,7821,7814,7790,7795,7767,7726,7657,7528,7305,7090,6857,6582,6338,6124,5955,5793,5744,5657,5570,5558,5497,5446,5441,5431,5431,5424,5380,5327,5295,5273,5230,5264,5270,5266,5234,5165,5102,5036,4997,4864,4751,4685,4628,4608,4567,4513,4457,4429,4417,4368,4375,4372,4374
394775,31,"Las Vegas, NV",Msa,NV,10029,10018,9897,9796,9642,9484,9332,9104,8917,8604,8335,8145,8051,8128,8286,8456,8589,8691,8796,8794,8865,8929,8958,9080,9134,8326,7516,6701,5872,5897,5911,5904,5925,5975,6018,6080,6087,7036,7187,7384,7657,6900,6999,7104,7187,7356,7680,8018,8186,8402,8419,8398,8530,8648,8768,8856,8877,8885,8853,8800,8752,8588,8469,8474,8591,8802,9098,9240,9385,9511,9550,9644,9691,9750,9816,9883,9907,9952,9995,10058,10141,10228,10307,10332,10370,10390,10464,10579,10664,10728,10728,10667,10576,10530,10455,10415,10425,10364,10343,10317,10282,10309,10307,10294,10258,10186,10089,9966,9825,9576,9361,9148,8896,8629,8349,8116,7914,7844,7776,7646,7535,7395,7246,7131,7033,7065,7222,7469,7763,8009,8213,8331,8471,8593,8670,8728,8745,8690,8562,8404,8216,8025,7879,7781,7721,7722,7769,7843,7857,7909,7914,7942,7992,7960
394492,32,"Columbus, OH",Msa,OH,5056,5025,4947,4829,4691,4539,4389,4225,4070,3866,3714,3583,3456,3371,3290,3200,3160,3157,3149,3173,3255,3346,3404,3512,3578,3645,3756,3880,3991,4117,4255,4350,4501,4615,4718,4807,4811,4895,4967,5060,5204,5283,5358,5421,5418,5369,5353,5342,5349,5419,5434,5422,5415,5367,5315,5260,5120,4993,4815,4618,4461,4222,4033,3900,3815,3772,3802,3723,3647,3616,3528,3546,3555,3578,3612,3669,3744,3788,3829,3906,3973,4086,4207,4232,4318,4404,4498,4641,4706,4785,4849,4905,4992,5060,5115,5139,5130,5102,5112,5135,5179,5226,5231,5253,5254,5207,5156,5058,4936,4782,4636,4479,4312,4126,3934,3780,3645,3606,3552,3467,3403,3312,3257,3246,3271,3324,3351,3372,3361,3324,3297,3238,3250,3277,3290,3311,3285,3273,3263,3257,3214,3172,3153,3141,3148,3135,3117,3108,3082,3092,3093,3095,3113,3092
394705,33,"Indianapolis, IN",Msa,IN,6937,6871,6761,6635,6445,6284,6107,5902,5745,5506,5318,5181,5054,5017,5011,4998,5031,5042,5101,5147,5245,5335,5328,5359,5101,4907,4779,4656,4794,4893,4971,5032,5125,5244,5387,5552,5650,5787,5919,6037,6160,6217,6256,6290,6322,6331,6369,6415,6458,6538,6591,6624,6653,6667,6643,6625,6538,6416,6238,6017,5821,5576,5397,5298,5225,5178,5142,5032,4935,4880,4836,4848,4867,4899,4912,4927,4956,4996,5056,5137,5234,5340,5455,5522,5606,5702,5850,6052,6170,6295,6391,6458,6574,6633,6652,6673,6670,6708,6766,6807,6849,6887,6897,6895,6906,6891,6841,6757,6623,6417,6243,6066,5865,5682,5502,5353,5232,5172,5077,4987,4904,4821,4754,4696,4657,4613,4588,4556,4528,4510,4517,4500,4536,4548,4513,4472,4409,4341,4288,4235,4137,4092,4060,4048,4043,3996,3957,3932,3938,3970,3977,4038,4085,4140
395059,34,"San Jose, CA",Msa,CA,1107,1069,1043,1005,935,878,825,761,718,632,547,518,550,637,706,761,801,835,905,954,1024,1076,1077,1114,1139,1203,1306,1386,1450,1522,1563,1586,1631,1652,1712,1784,1779,1821,1875,1931,2029,2072,2087,2099,2083,2087,2137,2197,2292,2363,2382,2384,2377,2365,2346,2308,2209,2101,1973,1830,1694,1508,1339,1239,1237,1306,1406,1481,1543,1602,1671,1740,1801,1861,1898,1954,2003,2037,2101,2174,2257,2374,2450,2489,2535,2554,2612,2676,2663,2672,2659,2625,2614,2577,2530,2503,2479,2472,2478,2487,2496,2491,2455,2397,2331,2241,2140,2029,1906,1752,1611,1465,1319,1176,1036,945,903,944,996,1050,1114,1155,1210,1266,1349,1403,1397,1391,1359,1369,1451,1512,1596,1686,1774,1856,1907,1929,1924,1928,1904,1901,1917,1925,1938,1943,1942,1951,1961,1973,1974,1989,2016,2032
394355,35,"Austin, TX",Msa,TX,6409,6368,6259,6134,5951,5766,5580,5343,5185,4942,4771,4680,4578,4570,4555,4558,4608,4692,4800,4834,4982,5134,5268,5506,5689,5859,6065,6246,6369,6509,6615,6694,6802,6917,7019,7117,7150,7192,7273,7328,7396,7400,7352,7328,7294,7237,7193,7127,7052,7023,7009,7014,7016,7038,7007,6930,6794,6631,6458,6277,6118,5887,5660,5504,5430,5402,5457,5437,5446,5486,5506,5584,5621,5688,5759,5885,6001,6094,6181,6267,6285,6339,6384,6381,6486,6567,6836,7129,7355,7578,7617,7625,7675,7702,7658,7581,7481,7372,7334,7337,7316,7317,7261,7189,7138,7064,6980,6855,6683,6426,6231,6046,5861,5655,5454,5323,5209,5236,5216,5175,5152,5081,5056,5048,5068,5178,5300,5421,5536,5641,5767,5859,6038,6155,6239,6252,6176,6076,5949,5833,5702,5611,5582,5563,5534,5480,5329,5192,5034,4937,4820,4802,4695,4519
395194,36,"Virginia Beach, VA",Msa,VA,11146,11081,10973,10876,10746,10643,10536,10339,10199,9949,9730,9561,9397,9369,9388,9413,9448,9466,9503,9544,9697,9820,9934,10104,10211,10384,10552,10753,10863,10931,10999,11001,11081,11177,11259,11356,11352,11334,11323,11274,11271,11236,11174,11134,11075,10987,10859,10756,10676,10659,10669,10658,10629,10576,10484,10361,10184,10042,9876,9713,9563,9291,9087,8946,8897,8908,8999,9021,9050,9112,9137,9215,9274,9356,9426,9534,9650,9774,9924,10061,10158,10244,10319,10338,10383,10392,10396,10428,10415,10420,10384,10324,10280,10199,10134,10044,9945,9795,9679,9558,9422,9379,9275,9200,9138,9047,8938,8808,8678,8488,8293,8070,7832,7603,7418,7279,7170,7186,7219,7251,7302,7316,7323,7366,7415,7489,7560,7602,7617,7561,7479,7353,7272,7205,7177,7144,7070,6966,6848,6745,6624,6548,6445,6365,6275,6137,6027,5899,5778,5778,5765,5746,5730,5602
394902,37,"Nashville, TN",Msa,TN,7484,7556,7626,7645,7590,7514,7401,7205,7058,6807,6612,6491,6372,6393,6421,6440,6523,6585,6686,6770,6876,6974,7034,7173,7313,7483,7674,7858,8002,8143,8261,8336,8462,8627,8788,8925,8966,8984,9018,9087,9185,9199,9213,9232,9331,9431,9568,9687,9737,9825,9843,9872,9907,9926,9909,9861,9721,9622,9455,9342,9241,8991,8824,8651,8545,8535,8599,8586,8611,8658,8667,8698,8729,8788,8853,8985,9091,9193,9326,9456,9554,9701,9777,9806,9874,9871,9956,10192,10414,10627,10767,10844,10798,10717,10631,10491,10472,10503,10567,10628,10686,10725,10713,10802,10745,10710,10661,10458,10378,10182,10007,9818,9576,9298,9047,8804,8619,8624,8625,8633,8639,8623,8597,8587,8623,8633,8684,8761,8783,8840,8888,8934,9047,9204,9323,9408,9508,9502,9514,9515,9428,9345,9246,9133,9054,8930,8786,8692,8559,8475,8327,8151,7985,7828
395005,38,"Providence, RI",Msa,RI,6040,5993,5905,5789,5638,5504,5336,5154,4994,4756,4561,4385,4247,4184,4148,4124,4118,4124,4167,4199,4267,4316,4315,4393,4475,4607,4775,4931,5065,5206,5357,5506,5672,5812,5961,6079,6126,6181,6226,6279,6379,6447,6480,6501,6485,6471,6501,6535,6605,6682,6698,6695,6681,6635,6557,6465,6291,6125,5946,5754,5569,5313,5108,4939,4835,4793,4773,4741,4700,4686,4687,4691,4740,4800,4841,4947,5050,5130,5250,5366,5470,5616,5724,5780,5846,5905,5962,6021,5996,5993,6007,6001,6052,6048,6016,6008,5986,5971,6000,6041,6092,6158,6169,6135,6097,6014,5906,5800,5686,5521,5386,5229,5030,4841,4645,4475,4343,4290,4259,4243,4226,4192,4155,4158,4176,4203,4213,4175,4112,4047,3994,3954,3968,3992,4029,4062,4097,4126,4149,4161,4116,4075,4041,4008,3997,3965,3912,3853,3802,3773,3750,3751,3752,3739
394862,39,"Milwaukee, WI",Msa,WI,3346,3305,3225,3134,3020,2923,2829,2712,2603,2469,2354,2272,2218,2191,2194,2201,2205,2211,2232,2231,2279,2328,2346,2427,2464,2523,2577,2630,2652,2669,2699,2701,2730,2748,2766,2773,2763,2789,2835,2890,2972,2992,2999,2992,2980,2972,2970,2992,3016,3072,3112,3145,3175,3184,3161,3115,3028,2937,2836,2720,2612,2474,2365,2279,2241,2231,2248,2260,2269,2286,2303,2317,2329,2343,2365,2398,2439,2490,2545,2621,2688,2769,2819,2860,2906,2935,2982,3015,3015,3026,3025,3013,3024,3017,3012,3023,3036,3031,3041,3053,3063,3090,3085,3071,3054,3018,2968,2906,2822,2714,2626,2526,2409,2290,2163,2052,1966,1943,1937,1953,1987,2017,2061,2113,2175,2245,2288,2311,2291,2243,2212,2179,2185,2200,2231,2272,2318,2367,2418,2485,2527,2558,2573,2569,2585,2609,2640,2680,2716,2775,2816,2861,2898,2918
394714,40,"Jacksonville, FL",Msa,FL,7533,7545,7544,7524,7459,7384,7293,7172,7127,6986,6882,6843,6806,6896,7055,7270,7457,7645,7777,7785,7932,8028,8131,8285,8354,8476,8590,8729,8813,8877,8909,8877,8885,8924,8998,9100,9143,9219,9290,9333,9412,9396,9352,9308,9253,9171,9135,9100,9073,9101,9093,9110,9110,9113,9111,9105,9052,9007,8864,8707,8562,8322,8169,8104,8156,8287,8510,8645,8756,8861,8917,8982,9044,9102,9149,9250,9305,9383,9436,9597,9589,9402,9149,8734,8527,8505,8866,9235,9522,9736,9615,9456,9353,9321,9264,9237,9159,8969,8909,8862,8864,8978,8985,8960,8919,8869,8836,8819,8763,8647,8565,8482,8388,8222,8044,7896,7781,7816,7840,7889,7977,8056,8110,8156,8201,8231,8288,8334,8327,8300,8258,8162,8139,8112,8026,7899,7740,7569,7410,7272,7091,6909,6752,6606,6468,6346,6232,6124,6018,5921,5776,5637,5478,5308
394849,41,"Memphis, TN",Msa,TN,4109,4087,4050,4051,4046,4064,4065,3985,3926,3807,3730,3685,3629,3625,3607,3594,3617,3622,3641,3642,3661,3678,3689,3732,3771,3831,3896,3961,3956,3981,4012,4042,4144,4209,4263,4312,4339,4388,4456,4521,4580,4595,4574,4553,4538,4497,4490,4485,4459,4463,4424,4383,4365,4363,4370,4348,4284,4213,4108,4105,4105,4042,4012,3916,3852,3823,3851,3871,3900,3958,3971,3981,3991,4004,4040,3933,3842,3737,3620,3666,3659,3664,3675,3656,3696,3745,3770,3822,3823,3839,3866,3888,3916,3917,3899,3872,3845,3817,3809,3804,3806,3806,3798,3780,3768,3753,3739,3716,3682,3619,3583,3537,3481,3416,3334,3276,3213,3211,3176,3119,3076,3007,2968,2946,2935,2941,2937,2950,2950,2937,2928,2892,2892,2877,2850,2816,2732,2665,2602,2543,2492,2441,2403,2374,2349,2319,2276,2245,2224,2204,2156,2108,2073,2018
394935,42,"Oklahoma City, OK",Msa,OK,6666,6647,6613,6596,6564,6488,6440,6334,6223,6071,5941,5860,5827,5831,5829,5820,5792,5767,5746,5722,5771,5828,5865,5953,5992,6037,6079,6137,6157,6177,6239,6216,6264,6309,6355,6436,6456,6487,6495,6510,6523,6508,6460,6402,6361,6298,6280,6273,6262,6279,6246,6198,6157,6131,6128,6117,6057,6007,5911,5798,5689,5496,5326,5182,5080,5006,4981,4926,4878,4849,4801,4795,4796,4812,4841,4896,4942,5011,5088,5079,5071,5084,5058,5084,5136,5159,5272,5402,5477,5570,5604,5621,5662,5702,5716,5724,5706,5645,5594,5540,5500,5493,5464,5436,5412,5382,5360,5314,5261,5144,5050,4971,4878,4783,4690,4607,4523,4521,4501,4464,4445,4395,4346,4336,4338,4336,4359,4381,4382,4420,4426,4400,4427,4420,4417,4395,4335,4259,4187,4140,4086,4038,4005,3965,3914,3871,3813,3745,3690,3664,3602,3588,3560,3498
394807,43,"Louisville-Jefferson County, KY",Msa,KY,3879,3909,3917,3915,3896,3869,3794,3675,3565,3429,3344,3308,3258,3198,3147,3133,3149,3216,3265,3254,3297,3324,3346,3377,3375,3416,3479,3530,3589,3652,3723,3807,3902,3961,4019,4088,4138,4225,4290,4333,4366,4367,4368,4386,4395,4399,4427,4464,4517,4587,4635,4675,4684,4672,4658,4633,4573,4521,4438,4342,4266,4120,4005,3939,3903,3894,3893,3822,3750,3705,3659,3669,3675,3707,3752,3764,3790,3807,3816,3838,3869,3912,3941,3980,4036,4072,4130,4217,4232,4261,4298,4318,4368,4404,4415,4414,4408,4410,4454,4485,4530,4573,4563,4571,4580,4573,4561,4506,4431,4315,4195,4087,3955,3811,3690,3605,3533,3536,3516,3472,3442,3377,3320,3274,3233,3206,3191,3180,3172,3170,3167,3117,3096,3075,3035,3010,2956,2891,2833,2781,2719,2659,2626,2606,2590,2561,2518,2491,2474,2473,2500,2534,2560,2569
394669,44,"Hartford, CT",Msa,CT,5973,5918,5837,5736,5642,5546,5429,5276,5105,4890,4703,4524,4252,4047,3877,3719,3719,3727,3784,3859,3944,4029,4076,4310,4439,4583,4739,4762,4880,4996,5105,5179,5261,5327,5394,5531,5579,5649,5699,5680,5711,5702,5678,5644,5604,5583,5592,5617,5665,5716,5710,5686,5638,5568,5500,5419,5293,5167,5009,4844,4692,4482,4341,4205,4113,4058,4017,3996,3972,3978,3993,4021,4052,4097,4149,4255,4367,4478,4585,4671,4766,4874,4970,5026,5100,5150,5199,5268,5291,5314,5342,5345,5360,5369,5359,5345,5318,5288,5282,5286,5290,5303,5287,5249,5213,5155,5071,4985,4869,4713,4566,4415,4256,4092,3958,3802,3690,3634,3576,3568,3550,3537,3529,3540,3569,3592,3583,3543,3480,3409,3360,3311,3296,3290,3289,3282,3275,3273,3267,3276,3269,3228,3194,3145,3088,3033,2976,2964,2961,3018,3067,3112,3146,3139
395022,45,"Richmond, VA",Msa,VA,4683,4624,4545,4461,4384,4296,4185,4050,3928,3776,3656,3562,3464,3421,3404,3432,3470,3510,3550,3554,3616,3686,3729,3823,3900,3988,4077,4156,4224,4273,4325,4344,4366,4399,4446,4496,4488,4504,4509,4516,4569,4585,4603,4628,4631,4619,4612,4602,4620,4647,4659,4668,4647,4622,4567,4507,4415,4321,4212,4068,3943,3774,3652,3557,3487,3456,3450,3428,3414,3412,3396,3417,3442,3476,3507,3551,3611,3678,3756,3862,3939,3997,4038,4024,4032,4045,4109,4205,4246,4295,4319,4313,4341,4374,4367,4366,4348,4308,4313,4334,4376,4441,4451,4473,4498,4502,4502,4435,4337,4177,4032,3938,3827,3714,3625,3505,3400,3385,3367,3357,3359,3336,3308,3323,3369,3422,3466,3495,3505,3523,3547,3533,3529,3513,3474,3408,3339,3263,3181,3121,3059,2981,2948,2904,2822,2756,2686,2636,2615,2624,2618,2622,2621,2595
394910,46,"New Orleans, LA",Msa,LA,3325,3330,3325,3310,3286,3266,3250,3209,3186,3141,3096,3080,3069,3082,3107,3115,3109,3132,3152,3183,3269,3323,3372,3427,3429,3447,3465,3473,3494,3506,3521,3539,3561,3584,3613,3632,3635,3634,3616,3608,3598,3578,3554,3511,3472,3415,3382,3366,3367,3407,3429,3428,3412,3378,3351,3340,3317,3308,3288,3262,3232,3156,3091,3064,3064,3091,3128,3132,3139,3155,3152,3147,3151,3165,3190,3234,3256,3264,3283,3311,3316,3341,3342,3327,3371,3480,3619,3751,3813,3797,3769,3757,3780,3795,3788,3770,3740,3700,3680,3639,3601,3582,3544,3506,3471,3417,3339,3280,3237,3187,3179,3147,3092,3021,2945,2895,2842,2854,2853,2840,2837,2809,2784,2800,2826,2857,2886,2889,2869,2853,2847,2813,2800,2770,2753,2755,2743,2715,2667,2603,2537,2487,2437,2383,2337,2290,2240,2198,2143,2106,2074,2047,2033,2004
394425,47,"Buffalo, NY",Msa,NY,2763,2740,2702,2641,2553,2465,2373,2286,2218,2126,2055,1993,1936,1899,1852,1816,1791,1761,1759,1755,1784,1808,1823,1853,1857,1891,1920,1967,2020,2090,2174,2230,2296,2357,2420,2480,2512,2556,2597,2646,2711,2747,2771,2795,2811,2818,2835,2837,2835,2837,2810,2792,2770,2735,2689,2631,2548,2482,2398,2324,2256,2153,2092,2041,2015,1995,1974,1933,1887,1860,1834,1827,1829,1841,1865,1897,1935,1966,1989,2020,2052,2101,2162,2201,2262,2323,2389,2466,2499,2549,2586,2597,2624,2635,2642,2664,2660,2639,2638,2633,2651,2680,2674,2659,2649,2620,2584,2533,2462,2369,2280,2191,2098,2003,1923,1866,1825,1817,1795,1767,1736,1700,1668,1644,1636,1641,1625,1588,1538,1485,1472,1474,1501,1533,1566,1595,1632,1669,1703,1742,1742,1731,1723,1725,1728,1731,1719,1697,1702,1705,1693,1685,1660,1641
395012,48,"Raleigh, NC",Msa,NC,4563,4527,4453,4382,4285,4170,4060,3896,3763,3591,3448,3391,3343,3378,3475,3518,3578,3635,3659,3681,3767,3824,3863,3964,4024,4121,4211,4298,4368,4425,4479,4501,4539,4541,4512,4508,4419,4388,4396,4380,4418,4423,4415,4427,4445,4451,4407,4389,4408,4458,4535,4569,4568,4546,4524,4493,4392,4308,4228,4138,4089,3975,3875,3834,3828,3845,3897,3893,3911,3947,3954,3978,3986,4027,4066,4135,4197,4239,4301,4388,4447,4514,4561,4548,4583,4610,4785,4977,5054,5140,5084,5003,5018,5008,5005,5020,5023,5031,5046,5055,5061,5105,5128,5151,5173,5156,5107,5045,4965,4826,4731,4618,4490,4359,4223,4148,4098,4145,4150,4133,4133,4086,4069,4067,4047,4059,4099,4111,4128,4150,4151,4119,4123,4113,4060,4005,3922,3804,3671,3557,3419,3308,3272,3248,3234,3227,3177,3129,3089,3055,3015,2978,2925,2879
394388,49,"Birmingham, AL",Msa,AL,5492,5410,5305,5235,5141,5049,4966,4848,4772,4677,4619,4580,4537,4547,4557,4564,4573,4565,4580,4559,4600,4629,4619,4694,4738,4822,4922,4997,5043,5076,5079,5048,5060,5065,5101,5158,5151,5182,5212,5263,5314,5351,5361,5342,5339,5286,5270,5261,5245,5208,5223,5198,5178,5183,5097,5019,4919,4849,4738,4655,4560,4395,4286,4195,4162,4149,4159,4142,4132,4142,4149,4163,4180,4219,4225,4282,4313,4334,4363,4366,4367,4380,4402,4394,4428,4468,4592,4753,4834,4937,4958,4941,4963,4966,4943,4931,4905,4852,4838,4816,4808,4807,4778,4740,4678,4624,4560,4511,4466,4378,4311,4232,4141,4035,3923,3841,3768,3763,3758,3739,3733,3731,3743,3760,3768,3752,3721,3699,3687,3694,3701,3672,3670,3652,3633,3608,3575,3554,3533,3523,3472,3423,3384,3345,3332,3306,3266,3226,3191,3164,3138,3137,3145,3141
395053,50,"Salt Lake City, UT",Msa,UT,2356,2294,2242,2192,2134,2070,1992,1906,1834,1744,1698,1665,1652,1674,1681,1710,1731,1744,1761,1760,1799,1863,1907,2007,2084,2177,2321,2416,2530,2627,2696,2755,2800,2835,2877,2924,2957,3019,3057,3105,3184,3267,3363,3456,3513,3517,3526,3550,3584,3639,3705,3750,3787,3815,3795,3759,3662,3574,3465,3339,3238,3069,2932,2866,2840,2836,2874,2841,2814,2807,2784,2810,2838,2901,2956,3001,3048,3065,3105,3168,3231,3333,3378,3402,3448,3483,3553,3621,3617,3625,3627,3605,3642,3658,3667,3679,3647,3596,3554,3533,3540,3552,3537,3503,3457,3398,3346,3268,3166,3014,2866,2720,2568,2427,2294,2202,2119,2088,2066,2019,1988,1957,1918,1921,1949,2025,2144,2269,2403,2526,2614,2655,2692,2717,2703,2693,2667,2601,2526,2460,2360,2290,2250,2197,2165,2130,2114,2115,2110,2083,2019,1981,1929,1871
395031,51,"Rochester, NY",Msa,NY,3038,3027,2999,2942,2857,2761,2676,2585,2522,2436,2353,2279,2207,2180,2157,2136,2130,2117,2125,2142,2182,2235,2273,2346,2406,2462,2529,2580,2618,2677,2725,2777,2844,2889,2937,2978,3006,3054,3099,3131,3169,3178,3188,3200,3185,3168,3167,3169,3177,3192,3176,3140,3095,3034,2966,2911,2829,2770,2690,2585,2500,2362,2259,2188,2131,2096,2070,2043,2028,2029,2033,2037,2040,2051,2073,2114,2173,2211,2242,2275,2305,2372,2419,2456,2510,2545,2604,2674,2691,2718,2744,2746,2755,2753,2748,2752,2745,2759,2774,2784,2811,2819,2817,2811,2796,2763,2710,2635,2572,2488,2411,2338,2240,2142,2052,1975,1909,1879,1835,1807,1792,1773,1775,1781,1802,1855,1862,1831,1781,1697,1659,1654,1676,1711,1748,1787,1828,1889,1934,1970,1960,1931,1932,1916,1911,1908,1884,1886,1906,1912,1906,1899,1879,1860
394640,52,"Grand Rapids, MI",Msa,MI,3162,3128,3061,2994,2899,2813,2717,2596,2503,2359,2252,2175,2111,2090,2064,2030,2004,1975,1952,1946,1965,1998,2019,2051,2098,2131,2185,2250,2296,2377,2452,2506,2585,2645,2716,2792,2814,2869,2922,2985,3081,3151,3217,3273,3294,3282,3282,3281,3290,3313,3300,3271,3242,3220,3192,3162,3095,3019,2932,2839,2767,2654,2567,2493,2448,2422,2390,2355,2312,2278,2259,2244,2235,2247,2255,2270,2318,2361,2425,2513,2568,2651,2709,2733,2797,2843,2934,3057,3107,3179,3232,3249,3300,3319,3322,3334,3347,3352,3371,3399,3426,3451,3459,3449,3428,3400,3344,3275,3192,3084,3001,2916,2811,2694,2566,2462,2369,2318,2278,2228,2196,2158,2121,2112,2130,2170,2193,2162,2115,2071,2048,2060,2138,2258,2377,2473,2512,2489,2439,2409,2350,2303,2296,2280,2264,2239,2206,2178,2158,2109,2040,1999,1954,1926
395167,53,"Tucson, AZ",Msa,AZ,3813,3872,3911,3955,3969,3949,3933,3886,3853,3802,3769,3792,3815,3889,3935,3931,3916,3873,3841,3798,3813,3811,3792,3820,3782,3774,3768,3745,3728,3699,3675,3631,3601,3570,3547,3531,3479,3450,3436,3416,3421,3407,3368,3332,3305,3271,3259,3272,3295,3352,3408,3459,3505,3565,3636,3730,3791,3830,3831,3791,3764,3690,3636,3635,3667,3725,3821,3873,3916,3971,3967,3965,3943,3914,3904,3925,3950,3976,3978,3944,3894,3842,3783,3698,3643,3582,3574,3595,3586,3590,3554,3491,3439,3368,3307,3274,3245,3236,3233,3242,3258,3293,3322,3352,3395,3424,3462,3498,3499,3465,3442,3389,3335,3257,3177,3138,3114,3171,3220,3236,3265,3246,3212,3177,3128,3119,3127,3162,3193,3186,3149,3069,3020,2980,2958,2926,2870,2793,2696,2594,,,,,2268,2235,2223,2230,2239,2270,2288,2320,2345,2363
753924,54,"Urban Honolulu, HI",Msa,HI,3040,3045,3052,3056,3058,3057,3024,2970,2923,2834,2758,2714,2699,2745,2802,2846,2891,2926,3018,3085,3163,3230,3233,3286,3320,3364,3414,3436,3458,3481,3505,3523,3538,3544,3558,3571,3573,3604,3627,3660,3702,3705,3704,3681,3660,3635,3613,3598,3565,3546,3525,3528,3545,3560,3581,3595,3595,3596,3586,3569,3549,3489,3420,3395,3410,3468,3568,3624,3686,3751,3796,3853,3874,3892,3901,3933,3958,3977,4002,4006,4007,4029,4037,4034,4052,4054,4070,4094,4120,4152,4177,4197,4202,4218,4224,4228,4234,4208,4178,4165,4153,4158,4160,4141,4124,4104,4091,4074,4055,4011,3972,3928,3858,3768,3672,3576,3509,3509,3523,3559,3609,3640,3681,3718,3750,3784,3783,3776,3729,3674,3629,3573,3551,3539,3548,3571,3596,3623,3651,3672,3690,3697,3690,3692,3682,3676,3666,3654,3655,3633,3609,3587,3560,3541
395169,55,"Tulsa, OK",Msa,OK,5132,5117,5101,5075,5031,4983,4930,4856,4792,4691,4618,4593,4558,4569,4564,4571,4578,4567,4551,4501,4531,4551,4561,4632,4639,4687,4743,4760,4807,4845,4903,4937,4984,5040,5088,5154,5182,5221,5256,5290,5325,5331,5332,5330,5323,5306,5281,5259,5232,5221,5203,5148,5087,5023,4956,4895,4816,4754,4651,4567,4500,4366,4284,4235,4201,4192,4198,4159,4130,4121,4100,4090,4069,4059,4047,4051,4078,4106,4152,4180,4171,4167,4144,4125,4135,4157,4216,4290,4333,4379,4371,4364,4368,4349,4335,4307,4274,4219,4181,4139,4095,4063,4017,3989,3976,3968,3959,3930,3879,3795,3729,3653,3575,3497,3437,3413,3389,3415,3411,3377,3369,3344,3333,3338,3364,3384,3396,3421,3398,3377,3351,3282,3264,3242,3222,3205,3157,3124,3067,3007,2945,2881,2852,2843,2830,2819,2788,2753,2728,2702,2669,2645,2610,2575
394619,56,"Fresno, CA",Msa,CA,1645,1649,1634,1603,1569,1539,1493,1443,1401,1347,1314,1296,1292,1300,1316,1327,1333,1348,1364,1371,1392,1407,1413,1445,1480,1519,1565,1599,1622,1641,1657,1660,1672,1690,1710,1748,1758,1781,1813,1835,1876,1898,1914,1938,1948,1948,1958,1957,1965,2000,2011,2034,2046,2033,2022,2004,1968,1943,1902,1849,1810,1740,1689,1655,1640,1649,1686,1705,1733,1749,1736,1731,1724,1740,1755,1786,1807,1818,1836,1852,1868,1888,1902,1902,1901,1915,1953,1994,2017,2024,2013,1992,1991,1987,1979,1980,1977,1970,1970,1973,1970,1980,1977,1965,1955,1942,1925,1912,1903,1856,1815,1770,1707,1644,1583,1531,1494,1499,1505,1513,1517,1506,1487,1455,1436,1438,1440,1448,1453,1445,1447,1437,1429,1413,1397,1374,1335,1293,1241,1199,1165,1131,1104,1071,1037,1016,999,1001,1004,1012,1006,996,1002,997
395238,57,"Worcester, MA",Msa,MA,2998,2969,2907,2842,2747,2650,2552,2443,2358,2241,2137,2050,1968,1922,1885,1855,1857,1867,1901,1921,1958,1993,1992,2068,2128,2189,2276,2337,2399,2469,2532,2583,2652,2718,2797,2860,2860,2879,2895,2921,2985,3015,3035,3050,3058,3075,3126,3172,3232,3282,3289,3295,3282,3253,3202,3134,3029,2931,2810,2677,2562,2414,2309,2233,2176,2151,2125,2094,2067,2041,2029,2019,2019,2033,2053,2107,2175,2233,2291,2358,2424,2515,2591,2647,2722,2782,2853,2911,2897,2900,2901,2873,2883,2873,2850,2856,2835,2836,2872,2895,2939,2971,2963,2939,2900,2840,2772,2709,2649,2556,2456,2340,2210,2080,1973,1884,1821,1801,1770,1754,1721,1694,1689,1701,1748,1785,1796,1779,1743,1715,1717,1714,1741,1775,1810,1845,1860,1859,1829,1801,1752,1699,1659,1608,1570,1535,1505,1491,1486,1475,1471,1478,1469,1466
394415,58,"Stamford, CT",Msa,CT,6096,6039,5934,5805,5663,5507,5356,5175,4992,4775,4594,4429,4222,4111,4010,3964,4052,4142,4288,4426,4583,4713,4804,5250,5443,5681,5928,5846,5973,6090,6200,6289,6377,6447,6501,6524,6484,6435,6382,6332,6314,6257,6179,6098,6016,5981,5995,6039,6090,6138,6121,6081,6033,5952,5863,5754,5590,5423,5241,5063,4898,4681,4515,4369,4298,4306,4360,4435,4512,4604,4694,4809,4934,5068,5192,5328,5474,5594,5731,5888,6018,6184,6307,6371,6450,6497,6536,6586,6569,6548,6522,6458,6417,6332,6235,6135,6028,5983,5976,6009,6065,6104,6102,6065,6011,5934,5835,5710,5554,5354,5159,4947,4722,4500,4300,4130,4022,4002,4022,4103,4196,4291,4400,4513,4628,4706,4707,4647,4527,4406,4321,4237,4225,4260,4324,4413,4496,4550,4583,4612,4625,4631,4629,4618,4587,4508,4441,4380,4325,4348,4353,4359,4359,4320
394312,59,"Albuquerque, NM",Msa,NM,3499,3472,3435,3388,3330,3277,3211,3118,3054,2947,2868,2811,2760,2754,2746,2748,2742,2722,2706,2677,2692,2706,2708,2755,2786,2853,2926,2983,3022,3072,3134,3169,3212,3247,3298,3355,3401,3438,3455,3471,3498,3516,3530,3541,3538,3511,3504,3503,3489,3501,3483,3459,3441,3400,3351,3303,3222,3152,3080,2993,2918,2807,2704,2614,2546,2509,2495,2472,2466,2461,2446,2456,2439,2434,2439,2460,2512,2562,2600,2621,2634,2668,2690,2701,2725,2744,2819,2913,2983,3029,3029,3018,3000,3007,2995,2986,2988,2968,2971,2965,2950,2952,2938,2929,2907,2894,2853,2796,2743,2640,2571,2501,2433,2354,2285,2218,2149,2124,2091,2071,2065,2051,2030,2015,2007,2009,2035,2066,2087,2091,2089,2051,2036,2030,2021,2026,2012,1982,1933,1877,1820,1768,1739,1727,1726,1722,1717,1718,1708,1710,1703,1703,1698,1684
394308,60,"Albany, NY",Msa,NY,2671,2657,2614,2581,2537,2473,2405,2325,2262,2189,2133,2089,2048,2025,2012,1991,1968,1953,1961,1967,1990,1988,1975,1986,1987,2016,2049,2095,2139,2194,2249,2289,2346,2399,2446,2485,2509,2540,2564,2587,2605,2602,2605,2601,2595,2590,2600,2618,2641,2664,2660,2654,2650,2637,2614,2590,2543,2499,2440,2386,2323,2235,2173,2103,2065,2039,2018,1988,1952,1929,1918,1908,1913,1928,1933,1970,1998,2014,2030,2050,2085,2137,2187,2215,2247,2271,2303,2335,2328,2327,2322,2317,2344,2365,2377,2383,2388,2390,2409,2422,2421,2429,2423,2415,2396,2365,2314,2262,2207,2130,2067,2000,1935,1868,1805,1750,1700,1672,1644,1624,1610,1589,1577,1573,1571,1577,1556,1513,1465,1426,1415,1414,1424,1431,1429,1430,1434,1443,1457,1468,1458,1439,1419,1407,1407,1404,1401,1384,1372,1375,1377,1393,1402,1398
394938,61,"Omaha, NE",Msa,NE,2713,2695,2668,2632,2564,2485,2397,2328,2292,2227,2185,2210,2212,2225,2239,2183,2136,2125,2126,2127,2174,2216,2251,2317,2356,2393,2445,2475,2506,2543,2580,2621,2703,2779,2833,2882,2893,2932,2987,3036,3081,3082,3079,3079,3083,3101,3140,3169,3195,3216,3202,3196,3189,3173,3166,3141,3080,3031,2946,2863,2782,2650,2552,2487,2445,2429,2420,2374,2330,2313,2275,2263,2242,2232,2255,2293,2347,2386,2416,2460,2507,2565,2613,2626,2665,2701,2743,2795,2801,2821,2836,2832,2863,2874,2891,2926,2948,2971,3004,3038,3066,3106,3133,3149,3150,3121,3073,3026,2962,2868,2789,2694,2607,2517,2442,2374,2309,2295,2255,2219,2212,2200,2209,2247,2273,2313,2349,2370,2393,2400,2404,2388,2394,2416,2402,2386,2362,2310,2279,2238,2178,2144,2116,2105,2085,2048,2006,1970,1949,1953,1945,1955,1946,1904
394908,62,"New Haven, CT",Msa,CT,4260,4220,4152,4087,4006,3921,3823,3694,3578,3425,3291,3172,2991,2862,2739,2629,2638,2656,2722,2799,2864,2917,2936,3064,3143,3229,3338,3373,3455,3525,3572,3591,3613,3641,3672,3681,3673,3681,3689,3708,3730,3729,3733,3745,3744,3734,3730,3730,3729,3744,3715,3681,3647,3598,3562,3502,3416,3343,3257,3173,3097,2982,2892,2814,2756,2719,2698,2677,2669,2680,2701,2734,2769,2819,2859,2918,3006,3075,3140,3215,3243,3293,3355,3378,3428,3466,3486,3511,3512,3506,3502,3493,3493,3503,3504,3494,3474,3437,3407,3390,3372,3360,3328,3284,3243,3208,3154,3090,3012,2896,2806,2720,2629,2528,2442,2363,2301,2282,2254,2241,2231,2232,2243,2274,2324,2359,2371,2354,2319,2284,2257,2224,2199,2174,2166,2150,2142,2125,2095,2085,2069,2049,2042,2032,2006,1993,1985,1980,1996,2027,2042,2065,2081,2084
394357,63,"Bakersfield, CA",Msa,CA,1812,1826,1832,1818,1794,1766,1735,1697,1665,1616,1584,1573,1581,1613,1638,1673,1696,1728,1757,1769,1812,1826,1845,1891,1928,1976,2021,2054,2054,2051,2061,2061,2085,2118,2149,2177,2188,2199,2209,2223,2252,2277,2296,2316,2332,2336,2350,2352,2341,2343,2332,2308,2291,2269,2247,2238,2208,2183,2134,2085,2042,1973,1925,1887,1866,1868,1898,1905,1910,1921,1914,1924,1922,1921,1909,1907,1919,1932,1962,1993,2020,2042,2055,2056,2085,2112,2152,2196,2201,2213,2212,2210,2206,2186,2153,2126,2111,2102,2132,2157,2173,2194,2178,2164,2161,2155,2133,2106,2072,2029,2009,1987,1953,1898,1845,1786,1734,1720,1695,1684,1683,1669,1682,1696,1707,1725,1723,1724,1720,1720,1723,1714,1719,1715,1709,1696,1676,1649,1613,1569,1531,1504,1488,1493,1491,1477,1470,1458,1441,1446,1443,1447,1457,1454
394753,64,"Knoxville, TN",Msa,TN,3920,3927,3920,3892,3845,3802,3763,3709,3680,3618,3561,3509,3446,3420,3385,3339,3317,3292,3269,3269,3289,3307,3336,3410,3442,3488,3528,3528,3545,3569,3592,3597,3617,3617,3631,3675,3698,3765,3814,3856,3921,3937,3956,3972,3956,3947,3956,3960,3962,3976,3967,3953,3948,3940,3908,3860,3766,3684,3603,3537,3493,3396,3321,3252,3200,3181,3181,3153,3161,3167,3163,3191,3187,3190,3203,3229,3248,3274,3299,3308,3322,3340,3360,3379,3421,3458,3482,3513,3479,3447,3422,3391,3427,3442,3445,3450,3433,3425,3435,3435,3439,3451,3443,3452,3473,3496,3521,3521,3499,3433,3375,3304,3209,3108,3017,2935,2881,2876,2846,2815,2774,2721,2664,2628,2609,2599,2604,2622,2636,2647,2654,2625,2621,2615,2595,2574,2534,2470,2407,2348,2260,2192,2147,2096,2065,2034,1996,1973,1948,1931,1915,1903,1873,1839
394653,65,"Greenville, SC",Msa,SC,3587,3571,3542,3500,3462,3420,3370,3304,3261,3181,3145,3136,3119,3129,3138,3112,3091,3067,3039,3030,3091,3098,3101,3124,3110,3173,3249,3331,3365,3383,3389,3364,3357,3362,3369,3408,3429,3461,3476,3470,3466,3421,3415,3400,3415,3444,3454,3474,3480,3487,3480,3468,3460,3449,3427,3406,3354,3325,3283,3239,3204,3126,3067,3027,3004,2990,3003,2982,2971,2973,2950,3005,3017,3036,3060,3056,3089,3116,3153,3197,3232,3295,3352,3357,3381,3395,3500,3636,3753,3870,3894,3918,3931,3941,3952,3943,3956,3948,3946,3957,3938,3923,3887,3831,3791,3756,3719,3689,3657,3588,3529,3465,3406,3347,3296,3258,3212,3224,3209,3189,3179,3135,3119,3102,3086,3090,3094,3132,3163,3198,3219,3195,3191,3172,3143,3098,3045,2984,2917,2874,2821,2774,2736,2699,2663,2621,2575,2531,2492,2468,2429,2399,2371,2326
394952,66,"Ventura, CA",Msa,CA,1392,1351,1334,1329,1316,1304,1271,1225,1186,1120,1075,1042,1023,1028,1037,1058,1078,1113,1149,1167,1217,1244,1262,1306,1317,1361,1406,1447,1504,1550,1611,1666,1708,1750,1776,1800,1809,1839,1871,1900,1942,1956,1968,1983,1997,2004,2022,2031,2034,2036,2023,2019,2007,1990,1969,1935,1893,1867,1816,1758,1701,1610,1549,1521,1511,1525,1554,1548,1543,1541,1543,1569,1601,1638,1656,1684,1709,1722,1746,1770,1802,1854,1884,1894,1903,1910,1939,1979,1998,2009,2020,2014,2025,2017,1981,1945,1894,1852,1830,1807,1778,1760,1740,1714,1696,1674,1652,1649,1617,1555,1493,1413,1360,1305,1241,1204,1180,1203,1233,1251,1265,1268,1275,1290,1295,1309,1306,1306,1312,1303,1311,1314,1333,1367,1408,1441,1457,1450,1429,1399,1362,1338,1323,1310,1300,1273,1235,1201,1168,1147,1129,1115,1099,1096
394318,67,"Allentown, PA",Msa,PA,3669,3629,3581,3527,3469,3401,3317,3241,3162,3062,2986,2909,2852,2831,2815,2806,2798,2787,2790,2787,2815,2830,2829,2867,2892,2941,2998,3057,3116,3174,3233,3269,3310,3349,3393,3450,3475,3508,3536,3557,3585,3595,3602,3601,3618,3624,3649,3679,3694,3722,3723,3723,3713,3700,3664,3615,3548,3475,3386,3292,3206,3093,3013,2959,2928,2917,2912,2881,2845,2816,2797,2787,2782,2789,2803,2851,2894,2932,2956,2990,3020,3063,3104,3104,3127,3138,3162,3214,3239,3256,3262,3246,3250,3258,3265,3270,3243,3211,3183,3150,3142,3149,3152,3154,3131,3093,3033,2975,2919,2831,2762,2688,2610,2532,2460,2389,2323,2291,2254,2209,2178,2141,2111,2109,2126,2142,2114,2050,1949,1856,1805,1781,1789,1801,1841,1914,1988,2048,2066,2027,1961,1894,1851,1828,1803,1787,1755,1723,1712,1715,1733,1755,1770,1772
394561,68,"El Paso, TX",Msa,TX,3870,3912,3927,3932,3925,3918,3881,3830,3818,3788,3778,3759,3719,3699,3689,3707,3734,3777,3816,3827,3844,3826,3794,3787,3762,3743,3728,3695,3665,3637,3605,3582,3554,3531,3530,3520,3494,3487,3457,3435,3449,3437,3432,3416,3383,3358,3351,3368,3384,3411,3424,3416,3430,3429,3426,3431,3400,3381,3326,3299,3275,3197,3157,3077,3036,3044,3059,3081,3080,3089,3091,3089,3095,3088,3083,3086,3065,3039,3024,2997,2986,2979,2972,2963,2951,2961,3016,3088,3155,3201,3189,3177,3180,3160,3142,3126,3110,3106,3113,3117,3118,3132,3123,3121,3117,3129,3151,3165,3134,3056,3034,2995,2984,2971,2922,2890,2871,2894,2909,2942,2969,3003,3041,3043,3051,3030,3010,2996,2980,2966,2937,2892,2872,2828,2773,2727,2652,2580,2516,2463,2408,2352,2301,2263,2235,2225,2231,2238,2256,2265,2254,2224,2181,2153
394367,69,"Baton Rouge, LA",Msa,LA,3585,3597,3589,3580,3580,3558,3541,3509,3484,3431,3403,3399,3395,3427,3448,3458,3481,3514,3560,3604,3671,3711,3752,3801,3829,3879,3924,3969,4024,4071,4121,4160,4227,4291,4345,4410,4434,4467,4494,4509,4510,4493,4475,4463,4466,4448,4440,4435,4421,4428,4428,4442,4446,4453,4448,4423,4379,4356,4311,4264,4241,4154,4088,4041,4010,4020,4080,4113,4149,4193,4210,4240,4264,4297,4328,4379,4428,4461,4483,4488,4464,4437,4411,4373,4369,4382,4462,4566,4654,4725,4727,4727,4736,4754,4767,4766,4756,4720,4703,4688,4679,4693,4670,4624,4585,4545,4520,4516,4511,4465,4427,4380,4311,4258,4199,4152,4112,4108,4115,4122,4133,4140,4146,4163,4183,4194,4180,4161,4132,4112,4110,4090,4093,4072,4029,3966,3903,3820,3755,3704,3645,3596,3568,3545,3494,3479,3410,3337,3258,3193,3156,3126,3123,3071
394521,70,"Dayton, OH",Msa,OH,2643,2618,2602,2579,2543,2505,2449,2391,2341,2268,2200,2145,2088,2059,2049,2047,2051,2065,2065,2069,2100,2110,2128,2146,2152,2187,2224,2256,2268,2268,2282,2295,2340,2383,2409,2447,2451,2466,2488,2501,2541,2563,2584,2616,2649,2691,2734,2771,2794,2817,2839,2847,2853,2855,2829,2808,2760,2714,2652,2578,2505,2390,2303,2228,2167,2114,2067,2012,1972,1958,1951,1942,1921,1916,1861,1827,1800,1763,1775,1776,1770,1778,1792,1808,1856,1900,1951,2004,2012,2029,2033,2033,2062,2065,2061,2047,2035,2016,2020,2034,2035,2058,2058,2060,2063,2070,2070,2051,2020,1945,1880,1817,1755,1700,1655,1622,1584,1575,1537,1502,1469,1428,1410,1406,1417,1446,1472,1476,1470,1438,1403,1371,1356,1345,1325,1304,1274,1258,1258,1255,1246,1243,1245,1239,1246,1245,1232,1238,1238,1265,1285,1306,1326,1311
394843,71,"McAllen, TX",Msa,TX,1837,1844,1847,1850,1838,1834,1835,1827,1828,1814,1800,1788,1777,1789,1806,1818,1825,1819,1824,1828,1842,1860,1865,1877,1879,1878,1885,1897,1903,1913,1921,1918,1931,1932,1934,1932,1918,1905,1882,1890,1888,1879,1908,1927,1959,1998,2015,2015,2021,2032,2024,2041,2057,2066,2085,2082,2074,2080,2062,2045,2030,1994,1987,1978,1975,1983,2045,2106,2169,2235,2240,2234,2222,2208,2191,2186,2170,2146,2128,2108,2097,2099,2101,2101,2102,2100,2103,2117,2132,2136,2147,2145,2139,2139,2125,2115,2111,2100,2093,2093,2093,2101,2098,2101,2099,2103,2110,2104,2100,2089,2083,2075,2061,2037,2009,1987,1981,1996,2017,2039,2055,2065,2070,2073,2075,2072,2061,2050,2029,2008,1999,1990,1981,1957,1915,1864,1807,1750,1701,1654,,,,,1450,1415,1379,1351,1328,1303,1270,1244,1229,1215
394486,72,"Columbia, SC",Msa,SC,4077,4060,4034,4012,3970,3938,3901,3840,3812,3717,3642,3571,3497,3472,3442,3422,3411,3408,3420,3418,3445,3474,3500,3568,3611,3660,3696,3705,3688,3656,3629,3589,3583,3583,3605,3650,3650,3674,3683,3679,3709,3705,3672,3643,3620,3583,3549,3510,3470,3465,3454,3449,3434,3401,3390,3370,3318,3306,3253,3186,3133,3006,2913,2864,2836,2829,2856,2859,2857,2869,2857,2867,2891,2909,2910,2908,2890,2884,2906,2930,2960,2992,3025,3039,3050,3060,3191,3332,3483,3643,3652,3655,3674,3679,3680,3687,3672,3631,3608,3585,3528,3507,3469,3412,3380,3347,3328,3325,3333,3316,3308,3296,3266,3214,3160,3126,3088,3089,3093,3072,3050,3015,2966,2940,2933,2930,2920,2903,2878,2870,2866,2829,2815,2779,2727,2669,2594,2498,2419,2348,2264,2216,2175,2150,2130,2110,2071,2038,2000,1981,1984,1990,2007,1984
394648,73,"Greensboro, NC",Msa,NC,2611,2611,2605,2595,2582,2551,2508,2442,2401,2339,2301,2280,2246,2244,2246,2247,2265,2275,2287,2308,2335,2366,2388,2425,2438,2478,2529,2571,2681,2770,2781,2780,2722,2663,2676,2682,2673,2679,2565,2442,2332,2197,2175,2159,2142,2122,2111,2108,2112,2135,2140,2146,2136,2118,2111,2100,2078,2065,2039,2000,1970,1908,1864,1841,1824,1824,1824,1818,1810,1799,1787,1776,1793,1806,1824,1864,1861,1869,1877,1877,1902,1924,1941,1947,1950,1965,2000,2044,2074,2107,2118,2115,2125,2135,2134,2130,2123,2106,2104,2107,2105,2109,2097,2097,2093,2087,2086,2069,2061,2023,1986,1938,1877,1813,1759,1721,1683,1671,1655,1637,1632,1617,1603,1601,1600,1620,1638,1641,1640,1638,1648,1663,1685,1693,1677,1663,1637,1609,1587,1554,1519,1479,1446,1421,1394,1374,1348,1326,1300,1304,1294,1290,1301,1286
394304,74,"Akron, OH",Msa,OH,3115,3099,3079,3052,2994,2934,2864,2776,2699,2589,2504,2437,2401,2406,2423,2436,2449,2455,2468,2489,2529,2571,2591,2643,2666,2705,2754,2783,2812,2835,2870,2893,2937,2975,2995,3018,3001,2996,3007,3024,3064,3084,3088,3088,3084,3062,3048,3019,2991,2979,2947,2921,2897,2869,2844,2824,2766,2713,2617,2508,2413,2289,2213,2154,2115,2092,2077,2055,2039,2048,2067,2105,2138,2159,2176,2191,2227,2272,2316,2371,2409,2462,2530,2575,2639,2687,2722,2776,2792,2820,2840,2835,2844,2841,2845,2850,2850,2842,2834,2835,2826,2823,2799,2783,2779,2772,2755,2725,2695,2640,2592,2512,2405,2293,2197,2130,2083,2075,2063,2054,2043,2017,1994,1995,1995,2003,2000,1976,1947,1918,1891,1851,1847,1834,1829,1827,1814,1816,1824,1846,1859,1866,1867,1862,1853,1845,1830,1821,1817,1817,1770,1730,1681,1636
753906,75,"North Port-Sarasota-Bradenton, FL",Msa,FL,6857,6956,7048,7168,7269,7358,7449,7470,7550,7564,7616,7748,7864,8075,8271,8438,8599,8712,8808,8820,8861,8868,8830,8847,8862,8853,8842,8820,8650,8485,8334,8145,8029,7931,7834,7752,7645,7571,7497,7410,7358,7252,7138,7069,7001,6949,6926,6916,6921,6991,7051,7130,7255,7398,7561,7732,7838,7942,8036,8092,8156,8134,8148,8287,8502,8749,9027,9161,9256,9361,9391,9468,9512,9518,9498,9418,9297,9180,9033,8905,8725,8538,8371,8151,8025,7900,7900,7950,7966,7965,7841,7680,7540,7396,7252,7128,7005,6900,6845,6827,6821,6909,6950,6993,7054,7080,7180,7279,7366,7424,7470,7493,7498,7468,7439,7494,7575,7770,7909,8024,8105,8084,8094,8050,8019,7996,7940,7878,7758,7624,7500,7370,7303,7257,7169,7048,6916,6760,6615,6450,6259,6090,5941,5833,5742,5667,5580,5497,5408,5332,5248,5180,5105,5022
394798,76,"Little Rock, AR",Msa,AR,4032,4042,4022,3989,3940,3889,3833,3773,3719,3634,3588,3535,3486,3475,3472,3484,3512,3533,3552,3568,3613,3661,3706,3791,3847,3913,3989,4050,4098,4139,4169,4184,4215,4228,4252,4286,4299,4335,4348,4359,4380,4386,4389,4396,4391,4371,4371,4367,4377,4411,4418,4412,4395,4363,4323,4277,4214,4170,4091,4009,3933,3811,3739,3694,3687,3705,3749,3777,3805,3845,3865,3886,3900,3924,3961,4009,4047,4077,4108,3965,3815,3653,3486,3491,3501,3521,3535,3546,3550,3544,3518,3490,3468,3448,3421,3406,3386,3351,3481,3611,3748,3891,3861,3820,3779,3736,3705,3667,3633,3584,3548,3501,3435,3351,3265,3191,3127,3134,3150,3185,3227,3246,3262,3287,3326,3371,3395,3396,3359,3317,3274,3229,3219,3200,3187,3177,3166,3159,3175,3198,3198,3186,3163,3138,3119,3106,3100,3088,3061,3013,2931,2859,2805,2759
395134,77,"Stockton, CA",Msa,CA,1136,1119,1099,1072,1037,1005,974,939,926,885,844,819,792,794,801,808,815,823,830,828,848,861,871,897,907,937,967,1002,1029,1054,1089,1117,1151,1180,1203,1217,1218,1229,1242,1264,1302,1333,1370,1405,1445,1473,1496,1509,1521,1524,1515,1522,1514,1525,1539,1539,1514,1477,1428,1370,1328,1262,1205,1170,1144,1135,1141,1129,1119,1120,1120,1129,1143,1153,1157,1175,1185,1196,1218,1233,1264,1296,1317,1326,1336,1356,1403,1465,1512,1561,1575,1569,1557,1539,1517,1504,1501,1507,1524,1540,1560,1576,1588,1596,1586,1555,1525,1497,1468,1429,1386,1329,1267,1196,1125,1072,1039,1035,1028,1006,993,978,973,984,999,1007,1001,995,983,980,998,1010,1025,1031,1035,1034,1013,994,959,930,898,860,829,786,752,736,718,709,694,683,680,685,713,721
394457,78,"Charleston, SC",Msa,SC,4433,4443,4440,4419,4375,4329,4279,4216,4179,4091,3992,3942,3924,3962,4016,4049,4093,4136,4199,4255,4336,4384,4443,4519,4548,4614,4651,4687,4723,4755,4780,4780,4797,4815,4829,4852,4818,4795,4773,4744,4735,4709,4697,4691,4705,4690,4630,4608,4613,4650,4723,4773,4814,4847,4877,4891,4839,4796,4731,4649,4567,4438,4345,4308,4340,4395,4470,4506,4546,4603,4648,4710,4757,4807,4847,4899,4935,4981,5015,5038,5053,5057,5075,5067,5078,5083,5142,5246,5320,5383,5385,5338,5315,5298,5280,5261,5241,5146,5084,5057,5031,5110,5150,5148,5135,5089,5030,4991,4933,4853,4804,4736,4656,4553,4453,4385,4323,4356,4373,4386,4422,4412,4398,4396,4401,4438,4466,4479,4479,4463,4449,4425,4453,4467,4475,4463,4414,4342,4257,4183,4087,3990,3913,3842,3767,3704,3638,3570,3492,3436,3368,3317,3290,3248
395143,79,"Syracuse, NY",Msa,NY,2623,2620,2588,2539,2477,2424,2371,2312,2263,2185,2123,2060,2001,1965,1946,1935,1935,1940,1945,1966,2001,2034,2049,2080,2100,2126,2155,2176,2195,2223,2270,2313,2373,2436,2494,2556,2613,2669,2727,2770,2786,2803,2801,2801,2798,2775,2761,2734,2714,2696,2664,2640,2606,2561,2514,2463,2403,2354,2275,2200,2122,2030,1970,1906,1861,1822,1797,1780,1778,1789,1802,1818,1823,1834,1842,1867,1904,1931,1961,1956,1951,1958,1966,1992,2037,2083,2122,2173,2201,2225,2260,2278,2292,2304,2302,2303,2298,2284,2275,2260,2252,2247,2228,2216,2208,2179,2139,2072,1988,1908,1843,1792,1733,1665,1602,1545,1498,1477,1457,1438,1424,1404,1384,1376,1367,1366,1337,1299,1265,1223,1210,1204,1194,1192,1181,1169,1184,1208,1247,1286,1295,1289,1274,1251,1237,1232,1233,1244,1257,1268,1247,1231,1195,1164
394484,80,"Colorado Springs, CO",Msa,CO,1684,1666,1633,1589,1542,1493,1428,1358,1292,1206,1137,1097,1062,1116,1182,1207,1239,1222,1212,1245,1311,1381,1443,1543,1637,1731,1838,1915,1992,2082,2159,2231,2288,2341,2414,2497,2578,2654,2728,2789,2846,2873,2878,2869,2850,2826,2820,2829,2826,2824,2783,2742,2701,2664,2638,2600,2539,2478,2387,2281,2184,2049,1944,1863,1811,1783,1781,1763,1758,1771,1777,1800,1804,1824,1840,1890,1957,2023,2105,2172,2229,2293,2327,2356,2419,2483,2574,2682,2745,2800,2839,2843,2854,2865,2884,2917,2944,2933,2905,2855,2807,2775,2723,2685,2637,2575,2497,2443,2359,2261,2197,2094,1997,1889,1792,1712,1648,1674,1669,1669,1697,1686,1714,1747,1795,1855,1908,1938,1942,1921,1903,1934,2033,2163,2307,2410,2471,2535,2602,2635,2650,2629,2593,2582,2573,2572,2553,2525,2466,2418,2365,2344,2309,2243
395235,81,"Winston-Salem, NC",Msa,NC,2452,2433,2404,2373,2334,2287,2247,2208,2183,2139,2104,2067,2036,2034,2032,2034,2059,2080,2118,2159,2221,2291,2350,2423,2465,2505,2548,2588,2665,2743,2748,2740,2676,2607,2612,2613,2635,2669,2568,2471,2357,2219,2210,2217,2217,2218,2214,2194,2192,2208,2228,2237,2224,2197,2168,2155,2134,2113,2055,1971,1904,1818,1768,1744,1726,1718,1719,1709,1707,1719,1738,1769,1809,1842,1865,1891,1895,1900,1906,1915,1929,1942,1961,1958,1960,1973,1992,2021,2039,2056,2053,2047,2050,2047,2047,2048,2047,2048,2050,2058,2067,2064,2069,2079,2083,2084,2078,2057,2039,2009,1973,1933,1876,1816,1773,1745,1720,1738,1738,1724,1714,1689,1672,1671,1682,1701,1738,1766,1787,1788,1760,1719,1683,1648,1621,1595,1574,1555,1519,1484,1442,1405,1399,1388,1371,1357,1320,1298,1281,1272,1273,1276,1280,1271
395224,82,"Wichita, KS",Msa,KS,2434,2429,2404,2364,2331,2302,2268,2231,2203,2155,2118,2080,2048,2031,2003,1980,1951,1924,1917,1901,1916,1930,1933,1962,1962,1976,2003,2033,2056,2071,2077,2089,2133,2188,2243,2278,2293,2293,2288,2284,2276,2275,2273,2277,2291,2284,2294,2310,2312,2332,2340,2337,2341,2349,2348,2350,2330,2314,2287,2243,2212,2146,2096,2072,2053,2042,2048,2020,2001,1985,1961,1954,1943,1953,1958,1976,1990,1997,2010,2007,2004,2003,1989,1970,1981,1969,1949,1953,1907,1897,1904,1912,1942,1959,1965,1955,1947,1935,1933,1931,1921,1914,1904,1882,1870,1849,1814,1788,1755,1726,1715,1703,1683,1645,1607,1577,1544,1549,1547,1549,1551,1528,1512,1496,1483,1479,1467,1451,1434,1424,1420,1410,1421,1414,1390,1358,1319,1283,1255,1242,1214,1195,1182,1172,1162,1155,1148,1133,1130,1154,1180,1208,1222,1196
395115,83,"Springfield, MA",Msa,MA,1825,1802,1775,1742,1700,1651,1593,1530,1482,1422,1366,1318,1266,1240,1225,1211,1219,1221,1235,1256,1271,1292,1302,1328,1351,1370,1394,1417,1455,1513,1565,1602,1640,1659,1682,1706,1722,1754,1787,1818,1839,1844,1841,1847,1850,1854,1860,1867,1878,1898,1913,1914,1910,1877,1837,1798,1739,1695,1644,1586,1536,1465,1405,1357,1327,1313,1310,1303,1294,1285,1274,1269,1268,1285,1303,1327,1347,1352,1363,1380,1401,1453,1485,1506,1539,1551,1567,1593,1588,1591,1605,1600,1617,1615,1609,1608,1602,1598,1608,1608,1606,1618,1612,1616,1627,1621,1604,1572,1526,1465,1408,1350,1284,1218,1168,1124,1092,1085,1073,1078,1078,1069,1068,1072,1084,1101,1099,1086,1065,1042,1033,1017,1021,1028,1039,1053,1053,1054,1041,1028,998,967,946,934,931,939,941,934,936,937,945,965,972,976
394440,84,"Fort Myers, FL",Msa,FL,7501,7659,7805,7954,8068,8184,8332,8429,8582,8647,8716,8872,9057,9335,9579,9742,9872,9972,10057,10114,10260,10295,10287,10304,10179,10095,10021,9926,9777,9647,9520,9373,9249,9110,8943,8818,8673,8570,8498,8398,8351,8268,8190,8137,8099,8077,8082,8097,8114,8199,8279,8393,8539,8679,8886,9109,9283,9476,9591,9696,9858,9919,10031,10211,10420,10687,10979,11152,11294,11427,11495,11518,11494,11412,11308,11250,11143,11047,10989,10854,10690,10512,10275,10056,9858,9662,9546,9488,9427,9352,9196,9005,8873,8757,8620,8511,8373,8197,8104,8035,7996,8074,8141,8234,8350,8467,8573,8664,8736,8731,8768,8781,8788,8784,8783,8825,8896,9064,9183,9248,9285,9230,9168,9091,9010,8954,8891,8863,8774,8669,8547,8371,8252,8161,8035,7883,7721,7517,7357,7215,7059,6902,6725,6572,6428,6307,6222,6142,6101,6053,5964,5887,5776,5676
394399,85,"Boise City, ID",Msa,ID,3211,3213,3191,3164,3094,2974,2854,2696,2545,2395,2283,2206,2142,2112,2056,2017,2005,1986,2033,2071,2144,2224,2246,2327,2391,2431,2467,2483,2471,2482,2516,2501,2515,2552,2593,2662,2707,2751,2800,2836,2861,2884,2894,2911,3012,3058,3119,3180,3181,3235,3258,3290,3286,3266,3256,3233,3182,3132,3043,2935,2847,2713,2620,2562,2510,2485,2477,2437,2435,2439,2436,2456,2457,2475,2496,2520,2557,2643,2664,2712,2748,2726,2771,2770,2787,2832,2907,3013,3074,3144,3173,3186,3234,3242,3245,3238,3212,3186,3182,3199,3224,3283,3331,3369,3385,3373,3337,3272,3198,3085,2982,2878,2789,2691,2590,2511,2422,2398,2365,2334,2328,2313,2300,2288,2264,2258,2293,2361,2462,2559,2625,2642,2681,2707,2730,2758,2730,2655,2566,2456,2305,2177,2055,1945,1873,1796,1717,1651,1584,1552,1524,1479,1428,1350
395160,86,"Toledo, OH",Msa,OH,2238,2228,2217,2201,2162,2123,2074,2024,2001,1950,1924,1897,1859,1846,1838,1831,1822,1807,1795,1776,1781,1779,1754,1763,1779,1797,1823,1841,1837,1845,1871,1879,1905,1924,1938,1968,1978,2018,2063,2106,2153,2188,2217,2231,2239,2227,2214,2215,2211,2214,2212,2204,2199,2183,2156,2119,2063,2014,1951,1896,1851,1783,1741,1701,1670,1651,1639,1617,1594,1574,1551,1546,1548,1560,1566,1576,1585,1598,1614,1627,1633,1635,1631,1619,1636,1649,1665,1690,1695,1718,1737,1758,1776,1791,1802,1813,1822,1815,1818,1814,1815,1835,1855,1872,1877,1875,1871,1856,1837,1806,1775,1743,1710,1671,1629,1599,1572,1559,1544,1520,1496,1477,1468,1461,1457,1445,1424,1414,1405,1397,1382,1355,1339,1331,1322,1308,1290,1253,1219,1191,1166,1160,1161,1169,1166,1152,1143,1124,1116,1126,1110,1108,1099,1072
394816,87,"Madison, WI",Msa,WI,2592,2556,2493,2412,2322,2232,2153,2067,1979,1866,1779,1701,1657,1650,1654,1673,1700,1738,1801,1861,1956,2051,2113,2212,2295,2370,2467,2543,2588,2655,2707,2752,2805,2835,2858,2865,2848,2837,2836,2849,2884,2888,2888,2875,2842,2822,2805,2778,2767,2757,2735,2714,2688,2653,2597,2536,2447,2356,2249,2140,2037,1913,1826,1767,1749,1759,1793,1820,1844,1870,1901,1935,1971,2031,2079,2160,2239,2305,2375,2438,2500,2586,2656,2704,2757,2780,2816,2843,2827,2825,2808,2797,2809,2797,2795,2787,2785,2787,2791,2799,2804,2816,2806,2788,2772,2737,2688,2632,2553,2453,2355,2240,2115,1991,1888,1808,1757,1750,1760,1787,1828,1874,1926,1985,2045,2106,2166,2213,2246,2263,2262,2247,2249,2253,2255,2263,2266,2265,2278,2290,2284,2289,2293,2305,2320,2310,2297,2285,2278,2281,2251,2226,2198,2171
394766,88,"Lakeland, FL",Msa,FL,2698,2665,2635,2620,2604,2598,2591,2575,2579,2542,2516,2512,2513,2560,2598,2621,2629,2615,2605,2591,2611,2625,2622,2636,2643,2661,2688,2720,2719,2707,2690,2652,2625,2614,2619,2634,2638,2643,2635,2640,2660,2680,2711,2736,2765,2786,2834,2871,2891,2921,2912,2910,2915,2927,2956,2994,3019,3037,3027,3001,2991,2948,2927,2957,3018,3092,3203,3259,3297,3353,3362,3370,3366,3336,3307,3299,3274,3250,3228,3182,3133,3092,3050,3002,2985,2976,3051,3163,3240,3300,3280,3243,3230,3229,3237,3262,3278,3267,3281,3285,3302,3368,3389,3388,3358,3310,3282,3256,3266,3257,3254,3248,3212,3165,3104,3088,3076,3131,3171,3189,3194,3156,3116,3071,3043,3024,3016,3008,3006,3000,2997,2976,2972,2956,2942,2909,2871,2814,2743,2681,2601,2552,2506,2474,2445,2407,2374,2333,2296,2275,2251,2234,2221,2187
394931,89,"Ogden, UT",Msa,UT,1371,1350,1329,1315,1292,1270,1242,1213,1190,1154,1131,1105,1088,1086,1066,1051,1032,1019,1031,1042,1079,1128,1157,1214,1246,1285,1338,1380,1430,1474,1514,1538,1552,1553,1562,1577,1593,1622,1652,1684,1735,1780,1828,1871,1903,1918,1932,1950,1971,2001,2019,2030,2026,2011,1985,1955,1905,1856,1792,1726,1680,1602,1552,1518,1504,1511,1532,1532,1529,1532,1521,1520,1508,1518,1534,1552,1580,1596,1610,1646,1691,1741,1775,1782,1806,1826,1859,1904,1911,1930,1955,1964,1991,2008,2018,2052,2068,2074,2083,2087,2092,2120,2134,2133,2131,2098,2060,2007,1951,1869,1794,1721,1637,1548,1459,1385,1320,1303,1289,1261,1246,1221,1193,1183,1192,1227,1303,1391,1463,1512,1530,1516,1518,1503,1465,1441,1403,1362,1335,1297,,,,,1110,1075,1044,1012,988,976,940,915,889,846
394528,90,"Daytona Beach, FL",Msa,FL,4408,4440,4477,4510,4546,4566,4571,4546,4536,4490,4456,4476,4501,4572,4641,4675,4710,4727,4741,4747,4761,4783,4799,4883,4944,5001,5050,5062,5069,5071,5077,5049,5043,5035,5048,5078,5074,5099,5113,5107,5121,5107,5090,5084,5070,5053,5064,5086,5103,5151,5174,5198,5234,5255,5280,5315,5330,5364,5357,5338,5326,5252,5215,5223,5259,5323,5422,5472,5530,5603,5649,5690,5686,5662,5612,5558,5501,5453,5416,5393,5361,5337,5314,5275,5266,5265,5307,5367,5410,5429,5402,5373,5356,5340,5310,5269,5222,5133,5119,5148,5178,5266,5284,5278,5268,5261,5273,5266,5263,5222,5174,5133,5099,5052,5029,5039,5028,5101,5132,5138,5175,5158,5158,5152,5144,5166,5188,5199,5203,5189,5168,5141,5123,5098,5060,4989,4911,4792,4674,4573,,,,,3972,3883,3787,3703,3620,3560,3501,3430,3389,3350
394531,91,"Des Moines, IA",Msa,IA,3386,3361,3320,3277,3215,3166,3121,3068,3047,2993,2957,2940,2923,2929,2954,2961,2973,2990,2984,3029,3082,3112,3159,3181,3180,3214,3231,3237,3259,3278,3307,3332,3392,3439,3464,3504,3501,3528,3563,3584,3609,3624,3640,3661,3690,3694,3720,3748,3769,3797,3790,3779,3761,3741,3714,3685,3638,3608,3570,3516,3469,3374,3310,3277,3245,3232,3223,3187,3166,3147,3125,3112,3092,3112,3135,3182,3246,3301,3346,3385,3414,3418,3434,3414,3422,3449,3481,3558,3591,3630,3674,3692,3736,3772,3786,3800,3814,3808,3833,3871,3903,3946,3963,3971,3966,3933,3898,3845,3796,3742,3697,3640,3576,3505,3429,3387,3343,3332,3313,3282,3264,3241,3230,3247,3274,3301,3319,3321,3324,3337,3351,3344,3353,3342,3312,3266,3193,3124,3062,3005,2947,2900,2856,2828,2809,2779,2756,2744,2723,2705,2677,2648,2621,2589
394711,92,"Jackson, MS",Msa,MS,2197,2215,2205,2188,2172,2151,2136,2110,2093,2065,2042,2032,2013,2023,2044,2067,2093,2115,2132,2135,2161,2178,2200,2246,2279,2312,2336,2359,2363,2377,2398,2392,2390,2369,2348,2351,2351,2364,2367,2364,2369,2365,2360,2347,2333,2310,2297,2283,2266,2273,2271,2278,2289,2283,2266,2240,2204,2183,2143,2094,2049,1975,1940,1914,1899,1899,1904,1912,1929,1953,1974,1995,2007,2033,2051,2073,2090,2093,2090,2093,2095,2096,2098,2097,2103,2109,2119,2123,2131,2138,2142,2149,2144,2121,2107,2088,2067,2061,2060,2055,2051,2046,2029,2012,2004,2000,2006,2015,2012,2001,1990,1975,1952,1921,1879,1845,1815,1806,1805,1803,1804,1797,1787,1794,1802,1823,1838,1828,1812,1778,1750,1732,1727,1719,1703,1666,1628,1587,1551,1531,1508,1485,1463,1441,1420,1410,1398,1364,1321,1286,1249,1239,1227,1204
394352,94,"Augusta, GA",Msa,GA,3035,3033,3018,2983,2934,2884,2850,2812,2797,2744,2703,2667,2628,2631,2630,2639,2649,2656,2659,2648,2658,2667,2677,2696,2715,2755,2774,2809,2819,2809,2803,2772,2765,2744,2733,2744,2739,2749,2786,2808,2828,2835,2816,2797,2785,2784,2793,2804,2807,2807,2785,2764,2749,2748,2757,2761,2750,2724,2688,2660,2642,2599,2573,2553,2537,2544,2560,2563,2559,2558,2549,2536,2539,2542,2538,2550,2530,2529,2536,2539,2566,2578,2579,2582,2604,2618,2684,2733,2760,2803,2808,2823,2829,2816,2796,2809,2833,2857,2885,2891,2886,2892,2879,2853,2840,2812,2760,2713,2653,2585,2566,2533,2503,2464,2417,2381,2343,2364,2370,2386,2401,2390,2382,2372,2355,2341,2302,2254,2216,2160,2123,2072,2031,1998,1949,1895,1844,1774,1728,1707,1681,1669,1676,1666,1657,1645,1604,1566,1518,1491,1465,1451,1449,1434
394666,96,"Harrisburg, PA",Msa,PA,2228,2214,2253,2211,2201,2169,2063,2032,1996,1947,1905,1860,1823,1813,1799,1802,1797,1769,1755,1728,1729,1753,1767,1812,1829,1844,1874,1901,1923,1951,1973,1982,2005,2016,2021,2041,2032,2044,2065,2066,2090,2095,2090,2095,2098,2082,2065,2048,2028,2032,2031,2024,2017,1991,1966,1941,1896,1868,1823,1771,1719,1643,1585,1532,1503,1484,1472,1460,1435,1424,1417,1413,1420,1433,1447,1478,1520,1560,1592,1631,1650,1675,1696,1690,1721,1725,1746,1775,1766,1771,1769,1766,1773,1781,1781,1782,1781,1783,1790,1807,1823,1838,1838,1833,1830,1826,1815,1803,1791,1756,1729,1683,1627,1569,1522,1485,1443,1419,1389,1355,1330,1309,1291,1281,1281,1281,1246,1195,1132,1079,1060,1063,1079,1095,1151,1212,1262,1294,1280,1237,1187,1141,1117,1113,1106,1098,1072,1044,1035,1026,1016,1001,974,951
395006,100,"Provo, UT",Msa,UT,1329,1301,1282,1263,1234,1207,1164,1119,1088,1031,1010,971,939,919,887,882,873,872,873,881,920,966,1011,1082,1141,1221,1319,1401,1468,1527,1586,1637,1696,1740,1770,1797,1806,1831,1853,1865,1888,1902,1911,1941,1965,1968,1972,1982,2002,2043,2108,2164,2203,2251,2259,2252,2235,2216,2184,2147,2126,2059,2008,1973,1942,1936,1943,1927,1925,1929,1936,1963,1973,1993,2011,2037,2070,2105,2143,2181,2217,2252,2298,2312,2343,2372,2398,2449,2465,2485,2499,2497,2507,2513,2504,2515,2530,2522,2502,2483,2451,2436,2433,2431,2423,2415,2401,2354,2292,2201,2116,2037,1963,1880,1793,1731,1690,1697,1696,1677,1658,1613,1578,1550,1527,1574,1648,1746,1848,1923,1983,2013,2056,2071,2052,2040,2006,1940,1870,1780,1669,1592,1539,1505,1485,1446,1406,1362,1307,1264,1215,1183,1151,1106
394549,104,"Durham, NC",Msa,NC,1586,1576,1552,1517,1476,1428,1386,1330,1282,1221,1164,1145,1121,1132,1150,1157,1166,1174,1195,1234,1298,1354,1392,1427,1456,1481,1501,1525,1528,1541,1567,1563,1585,1596,1595,1610,1604,1616,1643,1659,1674,1680,1679,1688,1692,1685,1672,1661,1667,1689,1709,1724,1724,1717,1706,1688,1656,1618,1581,1534,1502,1447,1393,1365,1336,1326,1334,1324,1321,1331,1341,1358,1389,1432,1471,1534,1582,1615,1648,1685,1715,1734,1754,1747,1759,1785,1826,1858,1857,1850,1834,1821,1837,1847,1834,1832,1824,1820,1840,1860,1881,1919,1935,1946,1947,1927,1902,1873,1840,1787,1747,1699,1646,1593,1535,1489,1450,1439,1430,1424,1420,1413,1404,1405,1413,1429,1447,1449,1443,1435,1435,1426,1443,1459,1463,1471,1461,1448,1425,1405,1381,1350,1333,1320,1304,1295,1279,1255,1233,1211,1187,1175,1166,1147
394995,119,"Port St. Lucie, FL",Msa,FL,3400,3433,3460,3476,3494,3502,3517,3519,3539,3528,3522,3552,3592,3668,3746,3802,3846,3884,3910,3927,3968,3978,3966,3969,3949,3952,3970,3968,3926,3871,3799,3729,3683,3641,3620,3610,3583,3573,3548,3519,3514,3485,3466,3467,3454,3449,3463,3467,3487,3533,3558,3593,3640,3681,3732,3785,3814,3850,3869,3877,3881,3844,3836,3872,3964,4078,4205,4285,4355,4445,4504,4552,4580,4579,4575,4587,4574,4558,4527,4488,4442,4404,4379,4356,4332,4304,4308,4297,4290,4288,4252,4228,4199,4154,4097,4040,3971,3898,3865,3833,3829,3851,3861,3873,3903,3933,3944,3962,3978,3970,3993,4015,4020,4005,3984,3981,4001,4096,4191,4268,4325,4367,4390,4411,4419,4403,4376,4337,4274,4189,4100,4014,3954,3935,3916,3885,3864,3816,3752,3681,3601,3511,3432,3364,3292,3220,3163,3110,3066,3057,3024,3006,2970,2915
395183,124,"Vallejo, CA",Msa,CA,614,608,600,595,575,551,526,496,479,446,428,424,433,458,471,470,467,475,494,507,528,534,533,559,581,612,635,644,647,659,679,697,721,737,756,775,780,785,790,800,819,831,847,868,880,887,892,897,906,924,932,937,943,940,934,916,889,867,843,817,790,747,709,687,673,681,703,706,716,721,708,704,701,703,706,715,725,736,764,794,821,842,846,840,834,834,849,872,891,910,914,910,908,899,889,880,870,858,851,842,833,831,831,835,836,827,810,786,764,733,706,678,639,599,563,540,527,531,533,526,527,522,525,542,557,570,569,555,544,547,564,575,600,617,623,631,610,583,562,543,529,516,509,499,488,479,469,456,441,428,409,403,405,402
394746,128,"Killeen, TX",Msa,TX,1691,1698,1694,1687,1675,1674,1676,1657,1647,1609,1574,1553,1532,1523,1517,1509,1505,1499,1498,1497,1520,1538,1555,1568,1568,1582,1580,1586,1575,1562,1561,1565,1589,1612,1630,1639,1623,1619,1621,1623,1643,1650,1653,1658,1653,1652,1667,1690,1704,1709,1700,1683,1663,1645,1641,1638,1627,1629,1594,1555,1532,1482,1452,1444,1441,1439,1447,1430,1409,1400,1391,1392,1394,1391,1388,1402,1418,1446,1461,1449,1429,1401,1372,1356,1365,1385,1434,1485,1517,1546,1563,1568,1576,1592,1599,1602,1599,1576,1547,1530,1516,1516,1521,1515,1514,1503,1493,1493,1493,1481,1476,1466,1447,1429,1407,1387,1384,1390,1394,1409,1419,1431,1440,1441,1442,1451,1463,1460,1447,1436,1408,1377,1358,1333,1296,1271,1230,1185,1156,1114,1076,1048,1018,996,979,956,941,920,895,871,837,817,789,754
395048,132,"Salem, OR",Msa,OR,1371,1342,1303,1274,1237,1204,1173,1132,1094,1044,1002,969,941,929,923,925,943,963,990,1031,1073,1112,1137,1162,1183,1206,1241,1271,1296,1327,1358,1387,1416,1445,1464,1474,1475,1487,1497,1517,1558,1584,1627,1657,1669,1681,1677,1673,1675,1666,1656,1648,1640,1640,1636,1627,1603,1575,1537,1495,1452,1401,1365,1340,1331,1326,1337,1330,1324,1329,1322,1336,1360,1385,1408,1433,1456,1493,1542,1590,1629,1667,1696,1728,1767,1804,1851,1900,1901,1890,1875,1861,1874,1887,1893,1883,1885,1871,1852,1835,1814,1802,1782,1755,1733,1704,1673,1658,1633,1603,1577,1527,1473,1409,1346,1294,1249,1232,1232,1242,1253,1270,1282,1288,1308,1330,1341,1353,1348,1333,1329,1319,1333,1346,1347,1344,1338,1338,1338,1339,1338,1332,1337,1348,1359,1364,1360,1355,1341,1330,1299,1272,1248,1216
394927,149,"Ocala, FL",Msa,FL,2449,2472,2496,2513,2529,2535,2531,2502,2492,2465,2461,2479,2489,2506,2514,2525,2532,2551,2576,2577,2597,2596,2584,2582,2556,2545,2526,2509,2486,2472,2456,2438,2436,2423,2423,2421,2399,2397,2393,2389,2408,2405,2409,2420,2416,2411,2408,2407,2420,2446,2467,2483,2502,2530,2550,2577,2580,2584,2577,2567,2570,2540,2533,2531,2547,2575,2623,2651,2676,2714,2728,2754,2756,2756,2772,2818,2873,2928,2951,2938,2909,2867,2848,2726,2621,2522,2423,2441,2443,2450,2439,2409,2400,2386,2367,2363,2350,2324,2318,2313,2307,2324,2334,2340,2351,2359,2357,2342,2328,2293,2284,2286,2286,2282,2267,2264,2262,2286,2301,2314,2320,2287,2264,2221,2184,2173,2155,2145,2128,2120,2115,2094,2083,2072,2039,2008,1968,1910,1860,1815,1758,1715,1679,1637,1607,1565,1532,1512,1486,1478,1456,1444,1444,1429
394602,159,"Fort Collins, CO",Msa,CO,1727,1688,1640,1582,1513,1447,1384,1323,1274,1211,1156,1121,1097,1100,1115,1121,1132,1141,1157,1175,1215,1260,1294,1343,1375,1406,1447,1494,1540,1585,1620,1639,1658,1672,1692,1723,1749,1786,1831,1875,1913,1929,1934,1918,1905,1881,1867,1856,1858,1877,1881,1889,1935,1979,2011,2041,1999,1956,1860,1740,1637,1512,1461,1442,1427,1425,1432,1429,1442,1471,1492,1518,1528,1539,1558,1588,1620,1693,1775,1859,1944,1998,1842,1678,1541,1405,1491,1586,1643,1706,1739,1756,1780,1793,1805,1811,1814,1805,1793,1786,1778,1772,1747,1714,1679,1638,1605,1576,1543,1484,1433,1388,1337,1302,1270,1240,1214,1206,1196,1179,1169,1161,1150,1148,1148,1155,1166,1190,1222,1237,1254,1283,1330,1391,1460,1498,1510,1507,1505,1502,1487,1481,1469,1451,1443,1428,1401,1370,1336,1358,1381,1407,1418,1371
394405,162,"Boulder, CO",Msa,CO,1180,1149,1100,1047,983,934,889,834,787,723,673,641,624,635,654,676,694,708,727,742,772,804,827,870,914,966,1018,1056,1082,1108,1124,1140,1161,1179,1214,1244,1249,1254,1257,1256,1274,1275,1272,1268,1258,1245,1240,1243,1250,1264,1266,1254,1239,1221,1197,1172,1132,1088,1040,986,940,878,826,801,790,805,843,873,915,959,993,1030,1057,1080,1098,1127,1166,1216,1277,1341,1401,1468,1415,1342,1279,1189,1223,1258,1258,1275,1286,1291,1312,1323,1328,1327,1321,1308,1294,1288,1277,1270,1254,1239,1215,1179,1146,1105,1062,1006,950,889,837,792,751,720,699,703,708,719,730,724,719,718,717,732,758,776,794,798,794,798,833,891,952,1010,1037,1062,1079,1076,1067,1043,1017,996,972,945,925,906,901,914,913,920,922,911
394471,172,"Clarksville, TN",Msa,TN,1646,1636,1628,1612,1605,1600,1599,1585,1573,1548,1532,1526,1512,1508,1500,1488,1483,1490,1483,1478,1490,1499,1515,1547,1570,1593,1609,1612,1608,1606,1626,1640,1668,1697,1715,1723,1725,1722,1725,1744,1756,1774,1776,1776,1774,1754,1741,1732,1727,1735,1737,1731,1723,1708,1695,1684,1659,1648,1624,1609,1605,1570,1548,1538,1530,1523,1522,1505,1488,1493,1492,1493,1495,1498,1499,1496,1487,1471,1459,1461,1459,1465,1483,1487,1509,1520,1525,1579,1624,1673,1721,1742,1713,1691,1663,1637,1655,1659,1666,1650,1643,1647,1648,1643,1637,1626,1630,1633,1626,1607,1581,1561,1541,1527,1505,1491,1484,1502,1526,1544,1563,1568,1576,1581,1596,1604,1612,1631,1631,1652,1653,1643,1640,1628,1606,1588,1571,1533,1510,1483,1461,1450,1442,1440,1429,1424,1417,1403,1390,1378,1363,1369,1371,1367
394645,177,"Greeley, CO",Msa,CO,1298,1278,1253,1226,1192,1167,1143,1112,1083,1026,987,967,957,972,989,995,1009,1033,1063,1083,1114,1141,1146,1179,1212,1241,1277,1310,1309,1318,1318,1298,1308,1315,1327,1339,1323,1311,1309,1328,1365,1381,1388,1385,1382,1382,1393,1403,1414,1432,1436,1445,1456,1464,1464,1456,1423,1399,1357,1300,1253,1187,1143,1124,1122,1140,1181,1206,1238,1285,1320,1356,1379,1391,1396,1421,1456,1488,1531,1581,1607,1643,1521,1371,1252,1123,1185,1265,1312,1362,1378,1383,1407,1431,1443,1447,1438,1420,1405,1407,1407,1402,1391,1357,1325,1294,1259,1236,1200,1148,1111,1068,1030,998,965,942,914,900,879,846,831,817,813,827,839,861,881,907,935,958,968,982,1019,1051,1094,1112,1104,1103,1092,1082,1061,1035,1015,997,988,983,971,971,963,965,962,954,951,925
394813,189,"Macon-Bibb County, GA",Msa,GA,773,780,790,803,806,804,789,775,767,752,750,746,739,746,751,759,769,770,771,772,779,784,787,796,801,811,830,840,846,858,854,847,839,830,826,832,848,863,887,905,917,921,919,925,931,934,939,936,931,938,937,933,926,909,907,907,902,909,896,880,867,839,824,813,811,816,826,845,847,851,856,848,862,876,894,914,921,927,930,932,940,954,953,955,960,958,973,990,1002,1012,1019,1020,1022,1018,1012,1007,995,991,979,969,969,976,984,987,983,970,967,961,954,945,932,924,919,907,897,885,879,888,895,904,906,899,890,881,881,890,898,905,899,889,877,865,858,844,829,815,799,784,764,744,730,716,712,704,691,672,647,625,609,605,596,585,575,560
394346,220,"Athens, GA",Msa,GA,866,850,844,835,822,815,800,779,763,739,726,726,724,731,734,747,778,805,842,877,901,917,924,921,921,932,955,973,984,998,993,987,985,977,973,976,972,973,973,965,957,938,923,918,924,928,929,922,904,894,890,893,905,914,912,901,880,865,838,821,803,777,764,752,749,755,770,783,802,827,843,851,851,846,847,861,869,874,871,874,871,875,878,868,873,870,880,889,886,889,883,878,876,871,862,857,856,854,854,849,838,827,816,809,803,803,802,797,796,779,767,753,732,715,699,683,671,671,675,689,701,709,717,718,725,735,752,773,785,792,792,787,793,800,801,796,793,781,775,769,762,754,744,739,725,722,716,715,713,709,688,664,650,631
394623,229,"Gainesville, GA",Msa,GA,938,933,933,937,938,945,942,930,921,898,884,870,855,857,864,869,886,897,906,914,923,922,933,955,976,1019,1064,1102,1127,1144,1141,1135,1131,1121,1112,1110,1106,1109,1113,1114,1113,1105,1100,1092,1087,1083,1083,1085,1089,1090,1087,1087,1092,1102,1095,1079,1051,1026,1011,1005,999,981,972,958,954,953,960,963,967,976,1035,1024,1014,1010,960,986,1008,1033,1043,1055,1066,1073,1078,1080,1091,1105,1128,1151,1171,1192,1197,1206,1226,1234,1239,1244,1227,1212,1209,1203,1196,1191,1177,1168,1160,1166,1177,1186,1191,1178,1171,1161,1160,1157,1151,1143,1128,1130,1132,1129,1135,1132,1134,1145,1151,1168,1181,1198,1208,1209,1217,1213,1222,1228,1217,1196,1168,1125,1088,1067,1054,1049,1039,1023,996,966,943,915,897,887,870,865,855,839
395246,244,"Yuba City, CA",Msa,CA,347,346,347,348,348,346,342,330,316,301,284,273,266,260,254,252,248,247,249,245,251,252,255,261,261,265,277,290,302,315,320,324,329,330,330,333,334,343,358,369,385,396,405,412,417,418,417,421,426,437,441,442,432,420,407,398,390,384,374,360,347,328,310,294,281,270,268,267,277,289,295,305,304,303,305,307,311,318,325,333,341,352,361,361,365,367,375,395,407,417,429,436,442,441,434,425,417,416,417,422,429,435,437,434,428,428,430,435,440,432,422,407,394,379,363,354,345,348,347,341,343,346,351,353,351,345,341,338,333,331,329,324,320,312,302,292,280,270,257,251,245,237,230,224,219,212,212,215,217,224,222,216,209,204
395009,251,"Punta Gorda, FL",Msa,FL,1840,1891,1937,1975,2009,2042,2074,2091,2122,2126,2145,2194,2240,2308,2371,2416,2450,2468,2480,2481,2491,2491,2459,2441,2447,2433,2431,2425,2363,2322,2279,2222,2178,2138,2106,2082,2061,2050,2035,2029,2022,1997,1972,1948,1917,1894,1886,1882,1892,1920,1941,1969,2007,2047,2112,2178,2227,2282,2314,2344,2383,2398,2420,2460,2518,2574,2648,2698,2744,2799,2823,2848,2857,2847,2834,2802,2759,2721,2669,2628,2573,2515,2463,2401,2347,2300,2286,2288,2296,2291,2249,2191,2140,2097,2054,2030,2001,1980,1977,1977,1976,1997,2016,2035,2064,2084,2111,2141,2172,2186,2207,2225,2234,2231,2225,2227,2232,2267,2289,2297,2310,2307,2300,2288,2274,2265,2267,2287,2283,2284,2281,2265,2271,2259,2227,2179,2128,2085,2054,2015,1970,1922,1869,1825,1779,1736,1708,1693,1677,1666,1641,1616,1607,1592
395007,253,"Pueblo, CO",Msa,CO,557,545,537,538,532,526,519,501,488,471,454,452,443,445,446,441,439,439,435,432,436,434,432,437,434,438,445,451,476,514,564,623,614,594,564,522,527,532,537,543,558,575,586,590,594,591,597,604,611,616,618,618,614,605,593,589,580,576,572,554,546,532,519,516,516,517,519,514,509,503,500,503,502,502,491,484,477,477,482,488,483,474,466,454,458,464,471,477,477,480,485,489,494,504,516,527,545,549,549,552,553,557,566,574,571,561,545,525,509,497,485,475,463,445,431,426,426,447,467,481,489,489,482,477,476,480,491,498,499,491,485,492,507,520,529,523,517,514,512,513,512,515,514,516,522,522,531,534,527,530,522,520,518,510
395094,331,"Sherman, TX",Msa,TX,,,,,,,,,,,,,,,,,,,,,,,,,,,,,,,,,,,,,,,,656,668,673,679,682,677,677,684,685,690,700,707,717,724,726,726,724,723,722,714,706,698,679,664,649,640,633,635,640,651,668,676,684,684,685,695,703,706,708,708,712,720,728,739,743,748,755,768,781,797,808,809,813,813,817,818,815,815,804,799,798,792,798,800,803,809,809,804,796,784,763,745,728,716,703,694,685,677,673,670,662,656,655,660,677,697,712,720,725,719,716,716,711,714,714,708,703,698,697,699,701,698,689,677,664,655,644,636,627,616,608,594,584,571,556
394546,343,"Dunn, NC",Msa,NC,689,683,667,654,645,642,638,633,632,625,624,629,631,634,637,637,634,636,641,645,655,665,671,679,683,695,698,700,701,688,684,675,667,661,649,639,629,628,636,645,649,650,653,653,660,656,644,636,625,624,618,610,602,591,585,578,567,563,557,552,548,533,524,519,514,513,516,516,571,606,634,660,633,623,608,599,599,597,599,601,599,614,625,632,630,623,629,637,650,657,655,652,645,635,622,606,594,583,579,581,581,587,592,592,591,583,573,562,556,546,539,528,515,503,489,483,478,477,471,465,459,455,455,460,468,476,479,482,482,479,482,473,469,462,460,456,446,432,415,402,390,381,372,362,355,349,340,330,317,301,286,278,281,284
395166,383,"Truckee, CA",Msa,CA,629,620,608,589,569,549,523,500,478,457,439,421,409,397,391,390,390,394,395,392,400,402,404,422,432,460,489,511,540,565,592,615,632,649,670,692,715,733,743,764,780,799,819,826,836,831,823,815,800,790,780,772,761,750,738,724,707,695,680,662,647,622,599,576,558,544,537,529,523,518,512,510,502,500,499,508,519,532,554,573,599,631,660,686,712,736,755,785,815,839,860,872,880,883,890,895,902,907,908,908,891,875,855,829,807,780,757,727,704,684,657,633,606,580,563,545,529,517,504,501,500,499,500,511,530,549,559,551,530,516,511,518,542,562,584,601,602,601,583,560,539,514,496,475,456,442,432,423,412,407,406,415,422,425
395153,399,"The Villages, FL",Msa,FL,466,465,464,460,457,454,451,447,441,434,427,428,429,434,439,440,443,447,454,457,461,462,458,458,460,456,453,448,440,442,444,442,440,432,423,415,408,405,402,403,401,399,399,402,410,414,420,423,419,419,420,422,429,434,436,442,445,453,457,458,458,450,449,453,459,469,477,480,480,479,476,474,476,481,483,484,480,472,469,462,451,444,436,427,421,411,407,404,402,399,392,390,393,395,395,388,382,374,373,376,371,374,370,366,371,373,380,388,394,398,403,404,402,398,399,410,419,438,448,462,474,480,481,471,464,463,470,481,492,496,496,494,496,504,514,523,524,523,525,528,532,538,545,550,555,555,557,557,559,563,557,553,548,551
394586,504,"Faribault, MN",Msa,MN,,,,,,,,,,,,,,,,,,,,,,,,,,,,,,,,,,,,,,,,257,259,255,249,245,240,235,233,231,231,233,232,229,227,225,220,219,216,217,218,214,208,197,189,185,181,180,181,178,179,179,180,181,184,186,189,192,193,194,194,193,197,200,203,206,204,207,214,222,229,235,242,243,247,243,236,234,232,235,238,242,245,246,243,237,232,229,229,227,225,219,213,207,198,189,179,169,161,159,158,157,160,163,167,174,174,177,177,177,181,181,182,180,184,188,192,197,200,203,202,200,194,190,186,182,186,183,183,186,183,189,190,190,189,187
394309,527,"Albemarle, NC",Msa,NC,209,207,206,207,205,205,205,203,201,196,192,189,187,188,187,187,188,187,187,186,187,193,191,189,187,181,183,188,189,189,190,188,189,193,194,197,199,198,197,195,193,190,192,199,203,208,211,211,214,215,216,218,217,215,211,208,204,199,195,189,186,184,182,182,182,183,185,187,187,187,185,182,181,182,187,193,197,200,198,196,196,196,200,198,195,191,189,191,196,202,199,195,192,189,195,199,199,201,199,203,210,212,216,219,216,215,209,203,201,195,190,184,175,166,161,155,151,154,154,156,159,158,160,159,157,157,157,162,164,166,164,158,152,148,145,142,141,137,133,129,127,123,118,116,113,112,109,107,105,104,104,106,107,107
394742,595,"Kerrville, TX",Msa,TX,342,341,341,342,340,343,341,336,331,318,309,306,302,302,301,298,298,298,297,296,297,299,302,309,313,319,325,329,332,332,331,330,330,342,357,372,387,391,390,392,391,390,384,377,373,368,366,363,360,355,351,344,336,330,321,315,309,306,306,306,307,301,293,285,278,273,275,278,282,292,300,304,305,303,299,296,297,302,307,312,318,320,320,322,323,325,331,339,347,355,361,368,370,371,371,368,365,360,353,351,348,348,347,342,344,347,351,355,356,354,351,343,333,323,316,311,307,305,304,304,305,307,309,311,315,316,313,310,304,300,297,296,296,298,300,301,304,306,308,307,308,306,303,303,300,296,292,289,280,273,264,256,251,250
395091,641,"Shelbyville, TN",Msa,TN,161,167,171,171,169,169,170,171,173,171,169,166,162,162,165,167,168,166,161,157,156,156,155,155,157,163,167,174,176,178,183,186,189,190,188,186,180,178,178,178,183,185,185,186,186,186,187,188,187,188,189,192,194,192,189,182,175,170,165,165,164,162,160,156,156,155,157,157,156,156,155,155,155,158,163,168,172,172,174,175,176,181,183,185,186,184,182,183,186,191,194,196,192,189,186,185,186,187,193,196,203,211,214,220,221,220,222,221,225,225,222,219,213,207,204,199,194,198,201,206,209,204,198,191,186,187,186,184,185,187,193,199,203,205,199,192,182,174,170,172,175,175,175,174,168,162,157,151,152,153,157,159,157,157
395230,672,"Wilmington, OH",Msa,OH,,,,,,,,,,,,,,,,,,,,,,,,,,,,,,,,,,,,,,,,125,129,132,135,135,137,138,138,138,137,137,138,139,138,138,137,134,129,124,119,115,112,108,105,101,98,96,96,97,97,97,93,89,85,83,83,84,86,84,83,80,78,81,86,90,95,97,99,100,99,101,101,105,108,110,110,108,106,103,105,109,115,122,125,126,125,120,116,113,110,109,108,106,103,101,101,99,98,97,91,87,82,79,77,75,74,74,73,73,73,71,70,69,67,66,65,63,63,64,63,66,63,59,59,57,56,58,59,60,60,60,59,58,58,59
